SCAC,Origin/Outbound Servicing Terminal,Destination/Inbound Servicing Terminal,Service/Transit Days
"DAFG","MEM1","MEM1",1
"DAFG","MEM1","AKR",2
"DAFG","AKR","MEM1",2
"DAFG","MEM1","BGR",1
"DAFG","BGR","MEM1",1
"DAFG","MEM1","BRL",1
"DAFG","BRL","MEM1",1
"DAFG","MEM1","BTN",2
"DAFG","BTN","MEM1",2
"DAFG","MEM1","CDR",1
"DAFG","CDR","MEM1",1
"DAFG","MEM1","CIN",1
"DAFG","CIN","MEM1",1
"DAFG","MEM1","CLE",1
"DAFG","CLE","MEM1",1
"DAFG","MEM1","CMH",2
"DAFG","CMH","MEM1",2
"DAFG","MEM1","COL",1
"DAFG","COL","MEM1",1
"DAFG","MEM1","DAN",1
"DAFG","DAN","MEM1",1
"DAFG","MEM1","DAY",1
"DAFG","DAY","MEM1",1
"DAFG","MEM1","DET",2
"DAFG","DET","MEM1",2
"DAFG","MEM1","DSM",1
"DAFG","DSM","MEM1",1
"DAFG","MEM1","EVV",1
"DAFG","EVV","MEM1",1
"DAFG","MEM1","FLN",2
"DAFG","FLN","MEM1",2
"DAFG","MEM1","FTW",1
"DAFG","FTW","MEM1",1
"DAFG","MEM1","GAS",2
"DAFG","GAS","MEM1",2
"DAFG","MEM1","GRP",2
"DAFG","GRP","MEM1",2
"DAFG","MEM1","IMT",2
"DAFG","IMT","MEM1",2
"DAFG","MEM1","IND",1
"DAFG","IND","MEM1",1
"DAFG","MEM1","JAK",2
"DAFG","JAK","MEM1",2
"DAFG","MEM1","KAC",1
"DAFG","KAC","MEM1",1
"DAFG","MEM1","KAL",2
"DAFG","KAL","MEM1",2
"DAFG","MEM1","LKN",2
"DAFG","LKN","MEM1",2
"DAFG","MEM1","LON",2
"DAFG","LON","MEM1",2
"DAFG","MEM1","LOW",1
"DAFG","LOW","MEM1",1
"DAFG","MEM1","LVL",1
"DAFG","LVL","MEM1",1
"DAFG","MEM1","MAN",2
"DAFG","MAN","MEM1",2
"DAFG","MEM1","MDW",1
"DAFG","MDW","MEM1",1
"DAFG","MEM1","MEM",1
"DAFG","MEM","MEM1",1
"DAFG","MEM1","MIL",1
"DAFG","MIL","MEM1",1
"DAFG","MEM1","MSP",2
"DAFG","MSP","MEM1",2
"DAFG","MEM1","MTR",2
"DAFG","MTR","MEM1",2
"DAFG","MEM1","NSH",1
"DAFG","NSH","MEM1",1
"DAFG","MEM1","OMA",1
"DAFG","OMA","MEM1",1
"DAFG","MEM1","ORD",1
"DAFG","ORD","MEM1",1
"DAFG","MEM1","OSH",1
"DAFG","OSH","MEM1",1
"DAFG","MEM1","PEO",1
"DAFG","PEO","MEM1",1
"DAFG","MEM1","PIT",2
"DAFG","PIT","MEM1",2
"DAFG","MEM1","QAD",1
"DAFG","QAD","MEM1",1
"DAFG","MEM1","ROC",1
"DAFG","ROC","MEM1",1
"DAFG","MEM1","SAL",1
"DAFG","SAL","MEM1",1
"DAFG","MEM1","SBN",1
"DAFG","SBN","MEM1",1
"DAFG","MEM1","SGF",1
"DAFG","SGF","MEM1",1
"DAFG","MEM1","SIK",1
"DAFG","SIK","MEM1",1
"DAFG","MEM1","STL",1
"DAFG","STL","MEM1",1
"DAFG","MEM1","TMH",2
"DAFG","TMH","MEM1",2
"DAFG","MEM1","TOL",1
"DAFG","TOL","MEM1",1
"DAFG","MEM1","WAL",1
"DAFG","WAL","MEM1",1
"DAFG","MEM1","WRP",2
"DAFG","WRP","MEM1",2
"DAFG","IND1","IND1",1
"DAFG","IND1","AKR",1
"DAFG","AKR","IND1",1
"DAFG","IND1","BGR",1
"DAFG","BGR","IND1",1
"DAFG","IND1","BRL",2
"DAFG","BRL","IND1",2
"DAFG","IND1","BTN",1
"DAFG","BTN","IND1",1
"DAFG","IND1","CDR",2
"DAFG","CDR","IND1",2
"DAFG","IND1","CIN",1
"DAFG","CIN","IND1",1
"DAFG","IND1","CLE",1
"DAFG","CLE","IND1",1
"DAFG","IND1","CMH",1
"DAFG","CMH","IND1",1
"DAFG","IND1","COL",2
"DAFG","COL","IND1",2
"DAFG","IND1","DAN",1
"DAFG","DAN","IND1",1
"DAFG","IND1","DAY",1
"DAFG","DAY","IND1",1
"DAFG","IND1","DET",1
"DAFG","DET","IND1",1
"DAFG","IND1","DSM",2
"DAFG","DSM","IND1",2
"DAFG","IND1","EVV",1
"DAFG","EVV","IND1",1
"DAFG","IND1","FLN",1
"DAFG","FLN","IND1",1
"DAFG","IND1","FTW",1
"DAFG","FTW","IND1",1
"DAFG","IND1","GAS",1
"DAFG","GAS","IND1",1
"DAFG","IND1","GRP",1
"DAFG","GRP","IND1",1
"DAFG","IND1","IMT",1
"DAFG","IMT","IND1",1
"DAFG","IND1","IND",1
"DAFG","IND","IND1",1
"DAFG","IND1","JAK",1
"DAFG","JAK","IND1",1
"DAFG","IND1","KAC",2
"DAFG","KAC","IND1",2
"DAFG","IND1","KAL",2
"DAFG","KAL","IND1",2
"DAFG","IND1","LKN",2
"DAFG","LKN","IND1",2
"DAFG","IND1","LON",1
"DAFG","LON","IND1",1
"DAFG","IND1","LOW",1
"DAFG","LOW","IND1",1
"DAFG","IND1","LVL",1
"DAFG","LVL","IND1",1
"DAFG","IND1","MAN",1
"DAFG","MAN","IND1",1
"DAFG","IND1","MDW",1
"DAFG","MDW","IND1",1
"DAFG","IND1","MEM",1
"DAFG","MEM","IND1",1
"DAFG","IND1","MIL",1
"DAFG","MIL","IND1",1
"DAFG","IND1","MSP",2
"DAFG","MSP","IND1",2
"DAFG","IND1","MTR",1
"DAFG","MTR","IND1",1
"DAFG","IND1","NSH",1
"DAFG","NSH","IND1",1
"DAFG","IND1","OMA",2
"DAFG","OMA","IND1",2
"DAFG","IND1","ORD",1
"DAFG","ORD","IND1",1
"DAFG","IND1","OSH",1
"DAFG","OSH","IND1",1
"DAFG","IND1","PEO",1
"DAFG","PEO","IND1",1
"DAFG","IND1","PIT",1
"DAFG","PIT","IND1",1
"DAFG","IND1","QAD",2
"DAFG","QAD","IND1",2
"DAFG","IND1","ROC",1
"DAFG","ROC","IND1",1
"DAFG","IND1","SAL",1
"DAFG","SAL","IND1",1
"DAFG","IND1","SBN",1
"DAFG","SBN","IND1",1
"DAFG","IND1","SGF",2
"DAFG","SGF","IND1",2
"DAFG","IND1","SIK",2
"DAFG","SIK","IND1",2
"DAFG","IND1","STL",1
"DAFG","STL","IND1",1
"DAFG","IND1","TMH",2
"DAFG","TMH","IND1",2
"DAFG","IND1","TOL",1
"DAFG","TOL","IND1",1
"DAFG","IND1","WAL",1
"DAFG","WAL","IND1",1
"DAFG","IND1","WRP",2
"DAFG","WRP","IND1",2
"DAFG","MEM1","IND1",2
"DAFG","IND1","MEM1",2
"DAFG","AKR","AKR",1
"DAFG","AKR","BGR",2
"DAFG","AKR","BRL",2
"DAFG","AKR","BTN",1
"DAFG","AKR","CDR",2
"DAFG","AKR","CIN",1
"DAFG","AKR","CLE",1
"DAFG","AKR","CMH",1
"DAFG","AKR","COL",2
"DAFG","AKR","DAN",1
"DAFG","AKR","DAY",1
"DAFG","AKR","DET",1
"DAFG","AKR","DSM",2
"DAFG","AKR","EVV",1
"DAFG","AKR","FLN",1
"DAFG","AKR","FTW",1
"DAFG","AKR","GAS",1
"DAFG","AKR","GRP",1
"DAFG","AKR","IMT",2
"DAFG","AKR","IND",1
"DAFG","AKR","JAK",1
"DAFG","AKR","KAC",2
"DAFG","AKR","KAL",1
"DAFG","AKR","LKN",2
"DAFG","AKR","LON",2
"DAFG","AKR","LOW",1
"DAFG","AKR","LVL",1
"DAFG","AKR","MAN",1
"DAFG","AKR","MDW",1
"DAFG","AKR","MEM",2
"DAFG","AKR","MIL",1
"DAFG","AKR","MSP",2
"DAFG","AKR","MTR",1
"DAFG","AKR","NSH",2
"DAFG","AKR","OMA",2
"DAFG","AKR","ORD",1
"DAFG","AKR","OSH",2
"DAFG","AKR","PEO",2
"DAFG","AKR","PIT",1
"DAFG","AKR","QAD",2
"DAFG","AKR","ROC",1
"DAFG","AKR","SAL",2
"DAFG","AKR","SBN",1
"DAFG","AKR","SGF",2
"DAFG","AKR","SIK",2
"DAFG","AKR","STL",2
"DAFG","AKR","TMH",2
"DAFG","AKR","TOL",1
"DAFG","AKR","WAL",1
"DAFG","AKR","WRP",2
"DAFG","BGR","AKR",2
"DAFG","BGR","BGR",1
"DAFG","BGR","BRL",1
"DAFG","BGR","BTN",1
"DAFG","BGR","CDR",2
"DAFG","BGR","CIN",1
"DAFG","BGR","CLE",2
"DAFG","BGR","CMH",1
"DAFG","BGR","COL",1
"DAFG","BGR","DAN",1
"DAFG","BGR","DAY",1
"DAFG","BGR","DET",2
"DAFG","BGR","DSM",2
"DAFG","BGR","EVV",1
"DAFG","BGR","FLN",2
"DAFG","BGR","FTW",1
"DAFG","BGR","GAS",1
"DAFG","BGR","GRP",1
"DAFG","BGR","IMT",2
"DAFG","BGR","IND",1
"DAFG","BGR","JAK",1
"DAFG","BGR","KAC",1
"DAFG","BGR","KAL",2
"DAFG","BGR","LKN",2
"DAFG","BGR","LON",1
"DAFG","BGR","LOW",1
"DAFG","BGR","LVL",1
"DAFG","BGR","MAN",1
"DAFG","BGR","MDW",1
"DAFG","BGR","MEM",1
"DAFG","BGR","MIL",2
"DAFG","BGR","MSP",2
"DAFG","BGR","MTR",2
"DAFG","BGR","NSH",1
"DAFG","BGR","OMA",2
"DAFG","BGR","ORD",1
"DAFG","BGR","OSH",2
"DAFG","BGR","PEO",1
"DAFG","BGR","PIT",2
"DAFG","BGR","QAD",2
"DAFG","BGR","ROC",1
"DAFG","BGR","SAL",1
"DAFG","BGR","SBN",1
"DAFG","BGR","SGF",1
"DAFG","BGR","SIK",1
"DAFG","BGR","STL",1
"DAFG","BGR","TMH",2
"DAFG","BGR","TOL",1
"DAFG","BGR","WAL",1
"DAFG","BGR","WRP",2
"DAFG","BRL","AKR",2
"DAFG","BRL","BGR",1
"DAFG","BRL","BRL",1
"DAFG","BRL","BTN",2
"DAFG","BRL","CDR",1
"DAFG","BRL","CIN",2
"DAFG","BRL","CLE",2
"DAFG","BRL","CMH",2
"DAFG","BRL","COL",1
"DAFG","BRL","DAN",1
"DAFG","BRL","DAY",2
"DAFG","BRL","DET",2
"DAFG","BRL","DSM",1
"DAFG","BRL","EVV",1
"DAFG","BRL","FLN",2
"DAFG","BRL","FTW",1
"DAFG","BRL","GAS",2
"DAFG","BRL","GRP",1
"DAFG","BRL","IMT",1
"DAFG","BRL","IND",1
"DAFG","BRL","JAK",2
"DAFG","BRL","KAC",1
"DAFG","BRL","KAL",2
"DAFG","BRL","LKN",1
"DAFG","BRL","LON",2
"DAFG","BRL","LOW",1
"DAFG","BRL","LVL",2
"DAFG","BRL","MAN",2
"DAFG","BRL","MDW",1
"DAFG","BRL","MEM",2
"DAFG","BRL","MIL",1
"DAFG","BRL","MSP",1
"DAFG","BRL","MTR",2
"DAFG","BRL","NSH",2
"DAFG","BRL","OMA",1
"DAFG","BRL","ORD",1
"DAFG","BRL","OSH",1
"DAFG","BRL","PEO",1
"DAFG","BRL","PIT",2
"DAFG","BRL","QAD",1
"DAFG","BRL","ROC",1
"DAFG","BRL","SAL",1
"DAFG","BRL","SBN",1
"DAFG","BRL","SGF",1
"DAFG","BRL","SIK",1
"DAFG","BRL","STL",1
"DAFG","BRL","TMH",1
"DAFG","BRL","TOL",2
"DAFG","BRL","WAL",2
"DAFG","BRL","WRP",1
"DAFG","BTN","AKR",1
"DAFG","BTN","BGR",1
"DAFG","BTN","BRL",2
"DAFG","BTN","BTN",1
"DAFG","BTN","CDR",2
"DAFG","BTN","CIN",1
"DAFG","BTN","CLE",1
"DAFG","BTN","CMH",1
"DAFG","BTN","COL",2
"DAFG","BTN","DAN",1
"DAFG","BTN","DAY",1
"DAFG","BTN","DET",1
"DAFG","BTN","DSM",2
"DAFG","BTN","EVV",1
"DAFG","BTN","FLN",1
"DAFG","BTN","FTW",1
"DAFG","BTN","GAS",1
"DAFG","BTN","GRP",1
"DAFG","BTN","IMT",1
"DAFG","BTN","IND",1
"DAFG","BTN","JAK",1
"DAFG","BTN","KAC",2
"DAFG","BTN","KAL",1
"DAFG","BTN","LKN",2
"DAFG","BTN","LON",2
"DAFG","BTN","LOW",1
"DAFG","BTN","LVL",1
"DAFG","BTN","MAN",1
"DAFG","BTN","MDW",1
"DAFG","BTN","MEM",2
"DAFG","BTN","MIL",1
"DAFG","BTN","MSP",2
"DAFG","BTN","MTR",1
"DAFG","BTN","NSH",2
"DAFG","BTN","OMA",2
"DAFG","BTN","ORD",1
"DAFG","BTN","OSH",1
"DAFG","BTN","PEO",1
"DAFG","BTN","PIT",1
"DAFG","BTN","QAD",2
"DAFG","BTN","ROC",1
"DAFG","BTN","SAL",1
"DAFG","BTN","SBN",1
"DAFG","BTN","SGF",2
"DAFG","BTN","SIK",2
"DAFG","BTN","STL",2
"DAFG","BTN","TMH",2
"DAFG","BTN","TOL",1
"DAFG","BTN","WAL",1
"DAFG","BTN","WRP",2
"DAFG","CDR","AKR",2
"DAFG","CDR","BGR",2
"DAFG","CDR","BRL",1
"DAFG","CDR","BTN",2
"DAFG","CDR","CDR",1
"DAFG","CDR","CIN",2
"DAFG","CDR","CLE",2
"DAFG","CDR","CMH",2
"DAFG","CDR","COL",1
"DAFG","CDR","DAN",1
"DAFG","CDR","DAY",2
"DAFG","CDR","DET",2
"DAFG","CDR","DSM",1
"DAFG","CDR","EVV",1
"DAFG","CDR","FLN",2
"DAFG","CDR","FTW",2
"DAFG","CDR","GAS",2
"DAFG","CDR","GRP",2
"DAFG","CDR","IMT",1
"DAFG","CDR","IND",1
"DAFG","CDR","JAK",2
"DAFG","CDR","KAC",1
"DAFG","CDR","KAL",2
"DAFG","CDR","LKN",1
"DAFG","CDR","LON",2
"DAFG","CDR","LOW",1
"DAFG","CDR","LVL",2
"DAFG","CDR","MAN",2
"DAFG","CDR","MDW",1
"DAFG","CDR","MEM",2
"DAFG","CDR","MIL",1
"DAFG","CDR","MSP",1
"DAFG","CDR","MTR",2
"DAFG","CDR","NSH",2
"DAFG","CDR","OMA",1
"DAFG","CDR","ORD",1
"DAFG","CDR","OSH",1
"DAFG","CDR","PEO",1
"DAFG","CDR","PIT",2
"DAFG","CDR","QAD",1
"DAFG","CDR","ROC",1
"DAFG","CDR","SAL",1
"DAFG","CDR","SBN",1
"DAFG","CDR","SGF",1
"DAFG","CDR","SIK",1
"DAFG","CDR","STL",1
"DAFG","CDR","TMH",1
"DAFG","CDR","TOL",2
"DAFG","CDR","WAL",2
"DAFG","CDR","WRP",1
"DAFG","CIN","AKR",1
"DAFG","CIN","BGR",1
"DAFG","CIN","BRL",2
"DAFG","CIN","BTN",1
"DAFG","CIN","CDR",2
"DAFG","CIN","CIN",1
"DAFG","CIN","CLE",1
"DAFG","CIN","CMH",1
"DAFG","CIN","COL",1
"DAFG","CIN","DAN",1
"DAFG","CIN","DAY",1
"DAFG","CIN","DET",1
"DAFG","CIN","DSM",2
"DAFG","CIN","EVV",1
"DAFG","CIN","FLN",1
"DAFG","CIN","FTW",1
"DAFG","CIN","GAS",1
"DAFG","CIN","GRP",1
"DAFG","CIN","IMT",1
"DAFG","CIN","IND",1
"DAFG","CIN","JAK",1
"DAFG","CIN","KAC",2
"DAFG","CIN","KAL",2
"DAFG","CIN","LKN",2
"DAFG","CIN","LON",1
"DAFG","CIN","LOW",1
"DAFG","CIN","LVL",1
"DAFG","CIN","MAN",1
"DAFG","CIN","MDW",1
"DAFG","CIN","MEM",1
"DAFG","CIN","MIL",1
"DAFG","CIN","MSP",2
"DAFG","CIN","MTR",1
"DAFG","CIN","NSH",1
"DAFG","CIN","OMA",2
"DAFG","CIN","ORD",1
"DAFG","CIN","OSH",1
"DAFG","CIN","PEO",1
"DAFG","CIN","PIT",1
"DAFG","CIN","QAD",1
"DAFG","CIN","ROC",1
"DAFG","CIN","SAL",1
"DAFG","CIN","SBN",1
"DAFG","CIN","SGF",2
"DAFG","CIN","SIK",1
"DAFG","CIN","STL",1
"DAFG","CIN","TMH",2
"DAFG","CIN","TOL",1
"DAFG","CIN","WAL",1
"DAFG","CIN","WRP",2
"DAFG","CLE","AKR",1
"DAFG","CLE","BGR",2
"DAFG","CLE","BRL",2
"DAFG","CLE","BTN",1
"DAFG","CLE","CDR",2
"DAFG","CLE","CIN",1
"DAFG","CLE","CLE",1
"DAFG","CLE","CMH",1
"DAFG","CLE","COL",2
"DAFG","CLE","DAN",2
"DAFG","CLE","DAY",1
"DAFG","CLE","DET",1
"DAFG","CLE","DSM",2
"DAFG","CLE","EVV",1
"DAFG","CLE","FLN",1
"DAFG","CLE","FTW",1
"DAFG","CLE","GAS",1
"DAFG","CLE","GRP",1
"DAFG","CLE","IMT",2
"DAFG","CLE","IND",1
"DAFG","CLE","JAK",1
"DAFG","CLE","KAC",2
"DAFG","CLE","KAL",1
"DAFG","CLE","LKN",2
"DAFG","CLE","LON",2
"DAFG","CLE","LOW",1
"DAFG","CLE","LVL",1
"DAFG","CLE","MAN",1
"DAFG","CLE","MDW",1
"DAFG","CLE","MEM",2
"DAFG","CLE","MIL",1
"DAFG","CLE","MSP",2
"DAFG","CLE","MTR",1
"DAFG","CLE","NSH",2
"DAFG","CLE","OMA",2
"DAFG","CLE","ORD",1
"DAFG","CLE","OSH",2
"DAFG","CLE","PEO",2
"DAFG","CLE","PIT",1
"DAFG","CLE","QAD",2
"DAFG","CLE","ROC",1
"DAFG","CLE","SAL",2
"DAFG","CLE","SBN",1
"DAFG","CLE","SGF",2
"DAFG","CLE","SIK",2
"DAFG","CLE","STL",1
"DAFG","CLE","TMH",2
"DAFG","CLE","TOL",1
"DAFG","CLE","WAL",1
"DAFG","CLE","WRP",2
"DAFG","CMH","AKR",1
"DAFG","CMH","BGR",1
"DAFG","CMH","BRL",2
"DAFG","CMH","BTN",1
"DAFG","CMH","CDR",2
"DAFG","CMH","CIN",1
"DAFG","CMH","CLE",1
"DAFG","CMH","CMH",1
"DAFG","CMH","COL",2
"DAFG","CMH","DAN",1
"DAFG","CMH","DAY",1
"DAFG","CMH","DET",1
"DAFG","CMH","DSM",2
"DAFG","CMH","EVV",1
"DAFG","CMH","FLN",1
"DAFG","CMH","FTW",1
"DAFG","CMH","GAS",1
"DAFG","CMH","GRP",1
"DAFG","CMH","IMT",2
"DAFG","CMH","IND",1
"DAFG","CMH","JAK",1
"DAFG","CMH","KAC",2
"DAFG","CMH","KAL",2
"DAFG","CMH","LKN",2
"DAFG","CMH","LON",1
"DAFG","CMH","LOW",1
"DAFG","CMH","LVL",1
"DAFG","CMH","MAN",1
"DAFG","CMH","MDW",1
"DAFG","CMH","MEM",2
"DAFG","CMH","MIL",1
"DAFG","CMH","MSP",2
"DAFG","CMH","MTR",1
"DAFG","CMH","NSH",1
"DAFG","CMH","OMA",2
"DAFG","CMH","ORD",1
"DAFG","CMH","OSH",2
"DAFG","CMH","PEO",1
"DAFG","CMH","PIT",1
"DAFG","CMH","QAD",2
"DAFG","CMH","ROC",1
"DAFG","CMH","SAL",1
"DAFG","CMH","SBN",1
"DAFG","CMH","SGF",2
"DAFG","CMH","SIK",2
"DAFG","CMH","STL",2
"DAFG","CMH","TMH",2
"DAFG","CMH","TOL",1
"DAFG","CMH","WAL",1
"DAFG","CMH","WRP",2
"DAFG","COL","AKR",2
"DAFG","COL","BGR",1
"DAFG","COL","BRL",1
"DAFG","COL","BTN",2
"DAFG","COL","CDR",1
"DAFG","COL","CIN",2
"DAFG","COL","CLE",2
"DAFG","COL","CMH",2
"DAFG","COL","COL",1
"DAFG","COL","DAN",1
"DAFG","COL","DAY",2
"DAFG","COL","DET",2
"DAFG","COL","DSM",1
"DAFG","COL","EVV",1
"DAFG","COL","FLN",2
"DAFG","COL","FTW",2
"DAFG","COL","GAS",2
"DAFG","COL","GRP",2
"DAFG","COL","IMT",2
"DAFG","COL","IND",1
"DAFG","COL","JAK",2
"DAFG","COL","KAC",1
"DAFG","COL","KAL",2
"DAFG","COL","LKN",1
"DAFG","COL","LON",2
"DAFG","COL","LOW",2
"DAFG","COL","LVL",1
"DAFG","COL","MAN",2
"DAFG","COL","MDW",1
"DAFG","COL","MEM",1
"DAFG","COL","MIL",2
"DAFG","COL","MSP",1
"DAFG","COL","MTR",2
"DAFG","COL","NSH",1
"DAFG","COL","OMA",1
"DAFG","COL","ORD",1
"DAFG","COL","OSH",2
"DAFG","COL","PEO",1
"DAFG","COL","PIT",2
"DAFG","COL","QAD",1
"DAFG","COL","ROC",1
"DAFG","COL","SAL",1
"DAFG","COL","SBN",2
"DAFG","COL","SGF",1
"DAFG","COL","SIK",1
"DAFG","COL","STL",1
"DAFG","COL","TMH",2
"DAFG","COL","TOL",2
"DAFG","COL","WAL",2
"DAFG","COL","WRP",2
"DAFG","DAN","AKR",1
"DAFG","DAN","BGR",1
"DAFG","DAN","BRL",1
"DAFG","DAN","BTN",1
"DAFG","DAN","CDR",1
"DAFG","DAN","CIN",1
"DAFG","DAN","CLE",1
"DAFG","DAN","CMH",1
"DAFG","DAN","COL",1
"DAFG","DAN","DAN",1
"DAFG","DAN","DAY",1
"DAFG","DAN","DET",1
"DAFG","DAN","DSM",1
"DAFG","DAN","EVV",1
"DAFG","DAN","FLN",2
"DAFG","DAN","FTW",1
"DAFG","DAN","GAS",1
"DAFG","DAN","GRP",1
"DAFG","DAN","IMT",1
"DAFG","DAN","IND",1
"DAFG","DAN","JAK",1
"DAFG","DAN","KAC",1
"DAFG","DAN","KAL",2
"DAFG","DAN","LKN",2
"DAFG","DAN","LON",2
"DAFG","DAN","LOW",1
"DAFG","DAN","LVL",1
"DAFG","DAN","MAN",1
"DAFG","DAN","MDW",1
"DAFG","DAN","MEM",1
"DAFG","DAN","MIL",1
"DAFG","DAN","MSP",2
"DAFG","DAN","MTR",1
"DAFG","DAN","NSH",1
"DAFG","DAN","OMA",2
"DAFG","DAN","ORD",1
"DAFG","DAN","OSH",1
"DAFG","DAN","PEO",1
"DAFG","DAN","PIT",2
"DAFG","DAN","QAD",1
"DAFG","DAN","ROC",1
"DAFG","DAN","SAL",1
"DAFG","DAN","SBN",1
"DAFG","DAN","SGF",1
"DAFG","DAN","SIK",1
"DAFG","DAN","STL",1
"DAFG","DAN","TMH",1
"DAFG","DAN","TOL",1
"DAFG","DAN","WAL",1
"DAFG","DAN","WRP",1
"DAFG","DAY","AKR",1
"DAFG","DAY","BGR",1
"DAFG","DAY","BRL",2
"DAFG","DAY","BTN",1
"DAFG","DAY","CDR",2
"DAFG","DAY","CIN",1
"DAFG","DAY","CLE",1
"DAFG","DAY","CMH",1
"DAFG","DAY","COL",2
"DAFG","DAY","DAN",1
"DAFG","DAY","DAY",1
"DAFG","DAY","DET",1
"DAFG","DAY","DSM",2
"DAFG","DAY","EVV",1
"DAFG","DAY","FLN",1
"DAFG","DAY","FTW",1
"DAFG","DAY","GAS",1
"DAFG","DAY","GRP",1
"DAFG","DAY","IMT",1
"DAFG","DAY","IND",1
"DAFG","DAY","JAK",1
"DAFG","DAY","KAC",2
"DAFG","DAY","KAL",1
"DAFG","DAY","LKN",2
"DAFG","DAY","LON",1
"DAFG","DAY","LOW",1
"DAFG","DAY","LVL",1
"DAFG","DAY","MAN",1
"DAFG","DAY","MDW",1
"DAFG","DAY","MEM",1
"DAFG","DAY","MIL",1
"DAFG","DAY","MSP",2
"DAFG","DAY","MTR",1
"DAFG","DAY","NSH",1
"DAFG","DAY","OMA",2
"DAFG","DAY","ORD",1
"DAFG","DAY","OSH",1
"DAFG","DAY","PEO",1
"DAFG","DAY","PIT",1
"DAFG","DAY","QAD",1
"DAFG","DAY","ROC",1
"DAFG","DAY","SAL",1
"DAFG","DAY","SBN",1
"DAFG","DAY","SGF",2
"DAFG","DAY","SIK",2
"DAFG","DAY","STL",1
"DAFG","DAY","TMH",2
"DAFG","DAY","TOL",1
"DAFG","DAY","WAL",1
"DAFG","DAY","WRP",2
"DAFG","DET","AKR",1
"DAFG","DET","BGR",1
"DAFG","DET","BRL",2
"DAFG","DET","BTN",1
"DAFG","DET","CDR",2
"DAFG","DET","CIN",1
"DAFG","DET","CLE",1
"DAFG","DET","CMH",1
"DAFG","DET","COL",2
"DAFG","DET","DAN",1
"DAFG","DET","DAY",1
"DAFG","DET","DET",1
"DAFG","DET","DSM",2
"DAFG","DET","EVV",1
"DAFG","DET","FLN",1
"DAFG","DET","FTW",1
"DAFG","DET","GAS",1
"DAFG","DET","GRP",1
"DAFG","DET","IMT",1
"DAFG","DET","IND",1
"DAFG","DET","JAK",1
"DAFG","DET","KAC",2
"DAFG","DET","KAL",1
"DAFG","DET","LKN",2
"DAFG","DET","LON",2
"DAFG","DET","LOW",1
"DAFG","DET","LVL",1
"DAFG","DET","MAN",1
"DAFG","DET","MDW",1
"DAFG","DET","MEM",2
"DAFG","DET","MIL",1
"DAFG","DET","MSP",2
"DAFG","DET","MTR",1
"DAFG","DET","NSH",2
"DAFG","DET","OMA",2
"DAFG","DET","ORD",1
"DAFG","DET","OSH",1
"DAFG","DET","PEO",1
"DAFG","DET","PIT",1
"DAFG","DET","QAD",2
"DAFG","DET","ROC",1
"DAFG","DET","SAL",1
"DAFG","DET","SBN",1
"DAFG","DET","SGF",2
"DAFG","DET","SIK",2
"DAFG","DET","STL",2
"DAFG","DET","TMH",2
"DAFG","DET","TOL",1
"DAFG","DET","WAL",1
"DAFG","DET","WRP",2
"DAFG","DSM","AKR",2
"DAFG","DSM","BGR",2
"DAFG","DSM","BRL",1
"DAFG","DSM","BTN",2
"DAFG","DSM","CDR",1
"DAFG","DSM","CIN",2
"DAFG","DSM","CLE",2
"DAFG","DSM","CMH",2
"DAFG","DSM","COL",1
"DAFG","DSM","DAN",1
"DAFG","DSM","DAY",2
"DAFG","DSM","DET",2
"DAFG","DSM","DSM",1
"DAFG","DSM","EVV",2
"DAFG","DSM","FLN",2
"DAFG","DSM","FTW",2
"DAFG","DSM","GAS",2
"DAFG","DSM","GRP",2
"DAFG","DSM","IMT",1
"DAFG","DSM","IND",1
"DAFG","DSM","JAK",2
"DAFG","DSM","KAC",1
"DAFG","DSM","KAL",2
"DAFG","DSM","LKN",1
"DAFG","DSM","LON",2
"DAFG","DSM","LOW",1
"DAFG","DSM","LVL",2
"DAFG","DSM","MAN",2
"DAFG","DSM","MDW",1
"DAFG","DSM","MEM",2
"DAFG","DSM","MIL",1
"DAFG","DSM","MSP",1
"DAFG","DSM","MTR",2
"DAFG","DSM","NSH",2
"DAFG","DSM","OMA",1
"DAFG","DSM","ORD",1
"DAFG","DSM","OSH",1
"DAFG","DSM","PEO",1
"DAFG","DSM","PIT",3
"DAFG","DSM","QAD",1
"DAFG","DSM","ROC",1
"DAFG","DSM","SAL",1
"DAFG","DSM","SBN",2
"DAFG","DSM","SGF",1
"DAFG","DSM","SIK",1
"DAFG","DSM","STL",1
"DAFG","DSM","TMH",1
"DAFG","DSM","TOL",2
"DAFG","DSM","WAL",2
"DAFG","DSM","WRP",1
"DAFG","EVV","AKR",1
"DAFG","EVV","BGR",1
"DAFG","EVV","BRL",1
"DAFG","EVV","BTN",1
"DAFG","EVV","CDR",1
"DAFG","EVV","CIN",1
"DAFG","EVV","CLE",1
"DAFG","EVV","CMH",1
"DAFG","EVV","COL",1
"DAFG","EVV","DAN",1
"DAFG","EVV","DAY",1
"DAFG","EVV","DET",1
"DAFG","EVV","DSM",2
"DAFG","EVV","EVV",1
"DAFG","EVV","FLN",2
"DAFG","EVV","FTW",1
"DAFG","EVV","GAS",1
"DAFG","EVV","GRP",1
"DAFG","EVV","IMT",2
"DAFG","EVV","IND",1
"DAFG","EVV","JAK",1
"DAFG","EVV","KAC",1
"DAFG","EVV","KAL",2
"DAFG","EVV","LKN",2
"DAFG","EVV","LON",1
"DAFG","EVV","LOW",1
"DAFG","EVV","LVL",1
"DAFG","EVV","MAN",1
"DAFG","EVV","MDW",1
"DAFG","EVV","MEM",1
"DAFG","EVV","MIL",1
"DAFG","EVV","MSP",2
"DAFG","EVV","MTR",1
"DAFG","EVV","NSH",1
"DAFG","EVV","OMA",2
"DAFG","EVV","ORD",1
"DAFG","EVV","OSH",2
"DAFG","EVV","PEO",1
"DAFG","EVV","PIT",2
"DAFG","EVV","QAD",1
"DAFG","EVV","ROC",1
"DAFG","EVV","SAL",1
"DAFG","EVV","SBN",1
"DAFG","EVV","SGF",1
"DAFG","EVV","SIK",1
"DAFG","EVV","STL",1
"DAFG","EVV","TMH",2
"DAFG","EVV","TOL",1
"DAFG","EVV","WAL",1
"DAFG","EVV","WRP",2
"DAFG","FLN","AKR",1
"DAFG","FLN","BGR",2
"DAFG","FLN","BRL",2
"DAFG","FLN","BTN",1
"DAFG","FLN","CDR",2
"DAFG","FLN","CIN",1
"DAFG","FLN","CLE",1
"DAFG","FLN","CMH",1
"DAFG","FLN","COL",2
"DAFG","FLN","DAN",1
"DAFG","FLN","DAY",1
"DAFG","FLN","DET",1
"DAFG","FLN","DSM",2
"DAFG","FLN","EVV",1
"DAFG","FLN","FLN",1
"DAFG","FLN","FTW",1
"DAFG","FLN","GAS",1
"DAFG","FLN","GRP",1
"DAFG","FLN","IMT",2
"DAFG","FLN","IND",1
"DAFG","FLN","JAK",1
"DAFG","FLN","KAC",2
"DAFG","FLN","KAL",1
"DAFG","FLN","LKN",2
"DAFG","FLN","LON",2
"DAFG","FLN","LOW",1
"DAFG","FLN","LVL",1
"DAFG","FLN","MAN",1
"DAFG","FLN","MDW",1
"DAFG","FLN","MEM",2
"DAFG","FLN","MIL",1
"DAFG","FLN","MSP",2
"DAFG","FLN","MTR",1
"DAFG","FLN","NSH",2
"DAFG","FLN","OMA",2
"DAFG","FLN","ORD",1
"DAFG","FLN","OSH",2
"DAFG","FLN","PEO",2
"DAFG","FLN","PIT",1
"DAFG","FLN","QAD",2
"DAFG","FLN","ROC",1
"DAFG","FLN","SAL",1
"DAFG","FLN","SBN",1
"DAFG","FLN","SGF",2
"DAFG","FLN","SIK",2
"DAFG","FLN","STL",2
"DAFG","FLN","TMH",2
"DAFG","FLN","TOL",1
"DAFG","FLN","WAL",1
"DAFG","FLN","WRP",2
"DAFG","FTW","AKR",1
"DAFG","FTW","BGR",1
"DAFG","FTW","BRL",1
"DAFG","FTW","BTN",1
"DAFG","FTW","CDR",2
"DAFG","FTW","CIN",1
"DAFG","FTW","CLE",1
"DAFG","FTW","CMH",1
"DAFG","FTW","COL",2
"DAFG","FTW","DAN",1
"DAFG","FTW","DAY",1
"DAFG","FTW","DET",1
"DAFG","FTW","DSM",2
"DAFG","FTW","EVV",1
"DAFG","FTW","FLN",1
"DAFG","FTW","FTW",1
"DAFG","FTW","GAS",1
"DAFG","FTW","GRP",1
"DAFG","FTW","IMT",1
"DAFG","FTW","IND",1
"DAFG","FTW","JAK",1
"DAFG","FTW","KAC",2
"DAFG","FTW","KAL",1
"DAFG","FTW","LKN",2
"DAFG","FTW","LON",1
"DAFG","FTW","LOW",1
"DAFG","FTW","LVL",1
"DAFG","FTW","MAN",1
"DAFG","FTW","MDW",1
"DAFG","FTW","MEM",2
"DAFG","FTW","MIL",1
"DAFG","FTW","MSP",2
"DAFG","FTW","MTR",1
"DAFG","FTW","NSH",1
"DAFG","FTW","OMA",2
"DAFG","FTW","ORD",1
"DAFG","FTW","OSH",1
"DAFG","FTW","PEO",1
"DAFG","FTW","PIT",1
"DAFG","FTW","QAD",1
"DAFG","FTW","ROC",1
"DAFG","FTW","SAL",1
"DAFG","FTW","SBN",1
"DAFG","FTW","SGF",2
"DAFG","FTW","SIK",2
"DAFG","FTW","STL",1
"DAFG","FTW","TMH",1
"DAFG","FTW","TOL",1
"DAFG","FTW","WAL",1
"DAFG","FTW","WRP",1
"DAFG","GAS","AKR",1
"DAFG","GAS","BGR",1
"DAFG","GAS","BRL",2
"DAFG","GAS","BTN",1
"DAFG","GAS","CDR",2
"DAFG","GAS","CIN",1
"DAFG","GAS","CLE",1
"DAFG","GAS","CMH",1
"DAFG","GAS","COL",2
"DAFG","GAS","DAN",1
"DAFG","GAS","DAY",1
"DAFG","GAS","DET",1
"DAFG","GAS","DSM",2
"DAFG","GAS","EVV",1
"DAFG","GAS","FLN",1
"DAFG","GAS","FTW",1
"DAFG","GAS","GAS",1
"DAFG","GAS","GRP",1
"DAFG","GAS","IMT",2
"DAFG","GAS","IND",1
"DAFG","GAS","JAK",1
"DAFG","GAS","KAC",2
"DAFG","GAS","KAL",2
"DAFG","GAS","LKN",2
"DAFG","GAS","LON",1
"DAFG","GAS","LOW",1
"DAFG","GAS","LVL",1
"DAFG","GAS","MAN",1
"DAFG","GAS","MDW",1
"DAFG","GAS","MEM",2
"DAFG","GAS","MIL",2
"DAFG","GAS","MSP",2
"DAFG","GAS","MTR",1
"DAFG","GAS","NSH",2
"DAFG","GAS","OMA",2
"DAFG","GAS","ORD",1
"DAFG","GAS","OSH",2
"DAFG","GAS","PEO",1
"DAFG","GAS","PIT",1
"DAFG","GAS","QAD",2
"DAFG","GAS","ROC",2
"DAFG","GAS","SAL",1
"DAFG","GAS","SBN",1
"DAFG","GAS","SGF",2
"DAFG","GAS","SIK",2
"DAFG","GAS","STL",2
"DAFG","GAS","TMH",2
"DAFG","GAS","TOL",1
"DAFG","GAS","WAL",1
"DAFG","GAS","WRP",2
"DAFG","GRP","AKR",1
"DAFG","GRP","BGR",1
"DAFG","GRP","BRL",1
"DAFG","GRP","BTN",1
"DAFG","GRP","CDR",2
"DAFG","GRP","CIN",1
"DAFG","GRP","CLE",1
"DAFG","GRP","CMH",1
"DAFG","GRP","COL",2
"DAFG","GRP","DAN",1
"DAFG","GRP","DAY",1
"DAFG","GRP","DET",1
"DAFG","GRP","DSM",2
"DAFG","GRP","EVV",1
"DAFG","GRP","FLN",1
"DAFG","GRP","FTW",1
"DAFG","GRP","GAS",1
"DAFG","GRP","GRP",1
"DAFG","GRP","IMT",1
"DAFG","GRP","IND",1
"DAFG","GRP","JAK",1
"DAFG","GRP","KAC",2
"DAFG","GRP","KAL",1
"DAFG","GRP","LKN",2
"DAFG","GRP","LON",2
"DAFG","GRP","LOW",1
"DAFG","GRP","LVL",1
"DAFG","GRP","MAN",1
"DAFG","GRP","MDW",1
"DAFG","GRP","MEM",2
"DAFG","GRP","MIL",1
"DAFG","GRP","MSP",2
"DAFG","GRP","MTR",1
"DAFG","GRP","NSH",2
"DAFG","GRP","OMA",2
"DAFG","GRP","ORD",1
"DAFG","GRP","OSH",1
"DAFG","GRP","PEO",1
"DAFG","GRP","PIT",1
"DAFG","GRP","QAD",1
"DAFG","GRP","ROC",1
"DAFG","GRP","SAL",1
"DAFG","GRP","SBN",1
"DAFG","GRP","SGF",2
"DAFG","GRP","SIK",2
"DAFG","GRP","STL",2
"DAFG","GRP","TMH",1
"DAFG","GRP","TOL",1
"DAFG","GRP","WAL",1
"DAFG","GRP","WRP",1
"DAFG","IMT","AKR",2
"DAFG","IMT","BGR",2
"DAFG","IMT","BRL",1
"DAFG","IMT","BTN",1
"DAFG","IMT","CDR",1
"DAFG","IMT","CIN",1
"DAFG","IMT","CLE",2
"DAFG","IMT","CMH",2
"DAFG","IMT","COL",2
"DAFG","IMT","DAN",1
"DAFG","IMT","DAY",1
"DAFG","IMT","DET",1
"DAFG","IMT","DSM",1
"DAFG","IMT","EVV",2
"DAFG","IMT","FLN",2
"DAFG","IMT","FTW",1
"DAFG","IMT","GAS",2
"DAFG","IMT","GRP",1
"DAFG","IMT","IMT",2
"DAFG","IMT","IND",1
"DAFG","IMT","JAK",1
"DAFG","IMT","KAC",2
"DAFG","IMT","KAL",2
"DAFG","IMT","LKN",1
"DAFG","IMT","LON",2
"DAFG","IMT","LOW",1
"DAFG","IMT","LVL",1
"DAFG","IMT","MAN",2
"DAFG","IMT","MDW",1
"DAFG","IMT","MEM",2
"DAFG","IMT","MIL",1
"DAFG","IMT","MSP",1
"DAFG","IMT","MTR",2
"DAFG","IMT","NSH",2
"DAFG","IMT","OMA",2
"DAFG","IMT","ORD",1
"DAFG","IMT","OSH",2
"DAFG","IMT","PEO",1
"DAFG","IMT","PIT",2
"DAFG","IMT","QAD",1
"DAFG","IMT","ROC",1
"DAFG","IMT","SAL",2
"DAFG","IMT","SBN",1
"DAFG","IMT","SGF",2
"DAFG","IMT","SIK",2
"DAFG","IMT","STL",1
"DAFG","IMT","TMH",1
"DAFG","IMT","TOL",1
"DAFG","IMT","WAL",2
"DAFG","IMT","WRP",1
"DAFG","IND","AKR",1
"DAFG","IND","BGR",1
"DAFG","IND","BRL",1
"DAFG","IND","BTN",1
"DAFG","IND","CDR",1
"DAFG","IND","CIN",1
"DAFG","IND","CLE",1
"DAFG","IND","CMH",1
"DAFG","IND","COL",1
"DAFG","IND","DAN",1
"DAFG","IND","DAY",1
"DAFG","IND","DET",1
"DAFG","IND","DSM",2
"DAFG","IND","EVV",1
"DAFG","IND","FLN",1
"DAFG","IND","FTW",1
"DAFG","IND","GAS",1
"DAFG","IND","GRP",1
"DAFG","IND","IMT",1
"DAFG","IND","IND",1
"DAFG","IND","JAK",1
"DAFG","IND","KAC",1
"DAFG","IND","KAL",1
"DAFG","IND","LKN",2
"DAFG","IND","LON",1
"DAFG","IND","LOW",1
"DAFG","IND","LVL",1
"DAFG","IND","MAN",1
"DAFG","IND","MDW",1
"DAFG","IND","MEM",1
"DAFG","IND","MIL",1
"DAFG","IND","MSP",2
"DAFG","IND","MTR",1
"DAFG","IND","NSH",1
"DAFG","IND","OMA",2
"DAFG","IND","ORD",1
"DAFG","IND","OSH",1
"DAFG","IND","PEO",1
"DAFG","IND","PIT",1
"DAFG","IND","QAD",1
"DAFG","IND","ROC",1
"DAFG","IND","SAL",1
"DAFG","IND","SBN",1
"DAFG","IND","SGF",1
"DAFG","IND","SIK",1
"DAFG","IND","STL",1
"DAFG","IND","TMH",1
"DAFG","IND","TOL",1
"DAFG","IND","WAL",1
"DAFG","IND","WRP",1
"DAFG","JAK","AKR",1
"DAFG","JAK","BGR",1
"DAFG","JAK","BRL",2
"DAFG","JAK","BTN",1
"DAFG","JAK","CDR",2
"DAFG","JAK","CIN",1
"DAFG","JAK","CLE",1
"DAFG","JAK","CMH",1
"DAFG","JAK","COL",2
"DAFG","JAK","DAN",1
"DAFG","JAK","DAY",1
"DAFG","JAK","DET",1
"DAFG","JAK","DSM",2
"DAFG","JAK","EVV",1
"DAFG","JAK","FLN",1
"DAFG","JAK","FTW",1
"DAFG","JAK","GAS",1
"DAFG","JAK","GRP",1
"DAFG","JAK","IMT",1
"DAFG","JAK","IND",1
"DAFG","JAK","JAK",1
"DAFG","JAK","KAC",2
"DAFG","JAK","KAL",1
"DAFG","JAK","LKN",2
"DAFG","JAK","LON",2
"DAFG","JAK","LOW",1
"DAFG","JAK","LVL",1
"DAFG","JAK","MAN",1
"DAFG","JAK","MDW",1
"DAFG","JAK","MEM",2
"DAFG","JAK","MIL",1
"DAFG","JAK","MSP",2
"DAFG","JAK","MTR",1
"DAFG","JAK","NSH",1
"DAFG","JAK","OMA",2
"DAFG","JAK","ORD",1
"DAFG","JAK","OSH",1
"DAFG","JAK","PEO",1
"DAFG","JAK","PIT",1
"DAFG","JAK","QAD",2
"DAFG","JAK","ROC",1
"DAFG","JAK","SAL",1
"DAFG","JAK","SBN",1
"DAFG","JAK","SGF",2
"DAFG","JAK","SIK",2
"DAFG","JAK","STL",1
"DAFG","JAK","TMH",2
"DAFG","JAK","TOL",1
"DAFG","JAK","WAL",1
"DAFG","JAK","WRP",2
"DAFG","KAC","AKR",2
"DAFG","KAC","BGR",1
"DAFG","KAC","BRL",1
"DAFG","KAC","BTN",2
"DAFG","KAC","CDR",1
"DAFG","KAC","CIN",2
"DAFG","KAC","CLE",2
"DAFG","KAC","CMH",2
"DAFG","KAC","COL",1
"DAFG","KAC","DAN",1
"DAFG","KAC","DAY",2
"DAFG","KAC","DET",2
"DAFG","KAC","DSM",1
"DAFG","KAC","EVV",1
"DAFG","KAC","FLN",2
"DAFG","KAC","FTW",2
"DAFG","KAC","GAS",2
"DAFG","KAC","GRP",2
"DAFG","KAC","IMT",2
"DAFG","KAC","IND",1
"DAFG","KAC","JAK",2
"DAFG","KAC","KAC",1
"DAFG","KAC","KAL",2
"DAFG","KAC","LKN",1
"DAFG","KAC","LON",2
"DAFG","KAC","LOW",2
"DAFG","KAC","LVL",2
"DAFG","KAC","MAN",2
"DAFG","KAC","MDW",1
"DAFG","KAC","MEM",1
"DAFG","KAC","MIL",1
"DAFG","KAC","MSP",1
"DAFG","KAC","MTR",2
"DAFG","KAC","NSH",2
"DAFG","KAC","OMA",1
"DAFG","KAC","ORD",1
"DAFG","KAC","OSH",2
"DAFG","KAC","PEO",1
"DAFG","KAC","PIT",2
"DAFG","KAC","QAD",1
"DAFG","KAC","ROC",1
"DAFG","KAC","SAL",1
"DAFG","KAC","SBN",2
"DAFG","KAC","SGF",1
"DAFG","KAC","SIK",1
"DAFG","KAC","STL",1
"DAFG","KAC","TMH",2
"DAFG","KAC","TOL",2
"DAFG","KAC","WAL",2
"DAFG","KAC","WRP",2
"DAFG","KAL","AKR",1
"DAFG","KAL","BGR",2
"DAFG","KAL","BRL",2
"DAFG","KAL","BTN",1
"DAFG","KAL","CDR",2
"DAFG","KAL","CIN",1
"DAFG","KAL","CLE",1
"DAFG","KAL","CMH",2
"DAFG","KAL","COL",2
"DAFG","KAL","DAN",2
"DAFG","KAL","DAY",1
"DAFG","KAL","DET",1
"DAFG","KAL","DSM",2
"DAFG","KAL","EVV",2
"DAFG","KAL","FLN",1
"DAFG","KAL","FTW",1
"DAFG","KAL","GAS",2
"DAFG","KAL","GRP",1
"DAFG","KAL","IMT",2
"DAFG","KAL","IND",1
"DAFG","KAL","JAK",1
"DAFG","KAL","KAC",2
"DAFG","KAL","KAL",1
"DAFG","KAL","LKN",2
"DAFG","KAL","LON",2
"DAFG","KAL","LOW",1
"DAFG","KAL","LVL",2
"DAFG","KAL","MAN",1
"DAFG","KAL","MDW",1
"DAFG","KAL","MEM",2
"DAFG","KAL","MIL",2
"DAFG","KAL","MSP",2
"DAFG","KAL","MTR",1
"DAFG","KAL","NSH",2
"DAFG","KAL","OMA",2
"DAFG","KAL","ORD",1
"DAFG","KAL","OSH",2
"DAFG","KAL","PEO",2
"DAFG","KAL","PIT",2
"DAFG","KAL","QAD",2
"DAFG","KAL","ROC",1
"DAFG","KAL","SAL",2
"DAFG","KAL","SBN",1
"DAFG","KAL","SGF",2
"DAFG","KAL","SIK",2
"DAFG","KAL","STL",2
"DAFG","KAL","TMH",2
"DAFG","KAL","TOL",1
"DAFG","KAL","WAL",2
"DAFG","KAL","WRP",2
"DAFG","LKN","AKR",2
"DAFG","LKN","BGR",2
"DAFG","LKN","BRL",1
"DAFG","LKN","BTN",2
"DAFG","LKN","CDR",1
"DAFG","LKN","CIN",2
"DAFG","LKN","CLE",2
"DAFG","LKN","CMH",2
"DAFG","LKN","COL",1
"DAFG","LKN","DAN",2
"DAFG","LKN","DAY",2
"DAFG","LKN","DET",2
"DAFG","LKN","DSM",1
"DAFG","LKN","EVV",2
"DAFG","LKN","FLN",2
"DAFG","LKN","FTW",2
"DAFG","LKN","GAS",2
"DAFG","LKN","GRP",2
"DAFG","LKN","IMT",1
"DAFG","LKN","IND",2
"DAFG","LKN","JAK",2
"DAFG","LKN","KAC",1
"DAFG","LKN","KAL",2
"DAFG","LKN","LKN",1
"DAFG","LKN","LON",2
"DAFG","LKN","LOW",1
"DAFG","LKN","LVL",2
"DAFG","LKN","MAN",2
"DAFG","LKN","MDW",1
"DAFG","LKN","MEM",2
"DAFG","LKN","MIL",1
"DAFG","LKN","MSP",1
"DAFG","LKN","MTR",2
"DAFG","LKN","NSH",2
"DAFG","LKN","OMA",1
"DAFG","LKN","ORD",1
"DAFG","LKN","OSH",1
"DAFG","LKN","PEO",1
"DAFG","LKN","PIT",2
"DAFG","LKN","QAD",1
"DAFG","LKN","ROC",1
"DAFG","LKN","SAL",2
"DAFG","LKN","SBN",2
"DAFG","LKN","SGF",2
"DAFG","LKN","SIK",2
"DAFG","LKN","STL",2
"DAFG","LKN","TMH",1
"DAFG","LKN","TOL",2
"DAFG","LKN","WAL",2
"DAFG","LKN","WRP",1
"DAFG","LON","AKR",1
"DAFG","LON","BGR",1
"DAFG","LON","BRL",2
"DAFG","LON","BTN",2
"DAFG","LON","CDR",2
"DAFG","LON","CIN",1
"DAFG","LON","CLE",1
"DAFG","LON","CMH",1
"DAFG","LON","COL",2
"DAFG","LON","DAN",1
"DAFG","LON","DAY",1
"DAFG","LON","DET",1
"DAFG","LON","DSM",2
"DAFG","LON","EVV",1
"DAFG","LON","FLN",2
"DAFG","LON","FTW",1
"DAFG","LON","GAS",1
"DAFG","LON","GRP",2
"DAFG","LON","IMT",2
"DAFG","LON","IND",1
"DAFG","LON","JAK",1
"DAFG","LON","KAC",2
"DAFG","LON","KAL",2
"DAFG","LON","LKN",2
"DAFG","LON","LON",1
"DAFG","LON","LOW",2
"DAFG","LON","LVL",1
"DAFG","LON","MAN",1
"DAFG","LON","MDW",1
"DAFG","LON","MEM",2
"DAFG","LON","MIL",1
"DAFG","LON","MSP",2
"DAFG","LON","MTR",2
"DAFG","LON","NSH",1
"DAFG","LON","OMA",2
"DAFG","LON","ORD",1
"DAFG","LON","OSH",2
"DAFG","LON","PEO",2
"DAFG","LON","PIT",1
"DAFG","LON","QAD",2
"DAFG","LON","ROC",1
"DAFG","LON","SAL",1
"DAFG","LON","SBN",1
"DAFG","LON","SGF",2
"DAFG","LON","SIK",2
"DAFG","LON","STL",1
"DAFG","LON","TMH",2
"DAFG","LON","TOL",1
"DAFG","LON","WAL",1
"DAFG","LON","WRP",2
"DAFG","LOW","AKR",1
"DAFG","LOW","BGR",1
"DAFG","LOW","BRL",1
"DAFG","LOW","BTN",1
"DAFG","LOW","CDR",1
"DAFG","LOW","CIN",1
"DAFG","LOW","CLE",1
"DAFG","LOW","CMH",1
"DAFG","LOW","COL",2
"DAFG","LOW","DAN",1
"DAFG","LOW","DAY",1
"DAFG","LOW","DET",1
"DAFG","LOW","DSM",1
"DAFG","LOW","EVV",1
"DAFG","LOW","FLN",1
"DAFG","LOW","FTW",1
"DAFG","LOW","GAS",1
"DAFG","LOW","GRP",1
"DAFG","LOW","IMT",1
"DAFG","LOW","IND",1
"DAFG","LOW","JAK",1
"DAFG","LOW","KAC",2
"DAFG","LOW","KAL",2
"DAFG","LOW","LKN",1
"DAFG","LOW","LON",1
"DAFG","LOW","LOW",1
"DAFG","LOW","LVL",1
"DAFG","LOW","MAN",1
"DAFG","LOW","MDW",1
"DAFG","LOW","MEM",2
"DAFG","LOW","MIL",1
"DAFG","LOW","MSP",1
"DAFG","LOW","MTR",1
"DAFG","LOW","NSH",1
"DAFG","LOW","OMA",1
"DAFG","LOW","ORD",1
"DAFG","LOW","OSH",1
"DAFG","LOW","PEO",1
"DAFG","LOW","PIT",1
"DAFG","LOW","QAD",1
"DAFG","LOW","ROC",1
"DAFG","LOW","SAL",1
"DAFG","LOW","SBN",1
"DAFG","LOW","SGF",2
"DAFG","LOW","SIK",2
"DAFG","LOW","STL",1
"DAFG","LOW","TMH",1
"DAFG","LOW","TOL",1
"DAFG","LOW","WAL",1
"DAFG","LOW","WRP",1
"DAFG","LVL","AKR",1
"DAFG","LVL","BGR",1
"DAFG","LVL","BRL",1
"DAFG","LVL","BTN",1
"DAFG","LVL","CDR",2
"DAFG","LVL","CIN",1
"DAFG","LVL","CLE",1
"DAFG","LVL","CMH",1
"DAFG","LVL","COL",1
"DAFG","LVL","DAN",1
"DAFG","LVL","DAY",1
"DAFG","LVL","DET",1
"DAFG","LVL","DSM",2
"DAFG","LVL","EVV",1
"DAFG","LVL","FLN",1
"DAFG","LVL","FTW",1
"DAFG","LVL","GAS",1
"DAFG","LVL","GRP",1
"DAFG","LVL","IMT",1
"DAFG","LVL","IND",1
"DAFG","LVL","JAK",1
"DAFG","LVL","KAC",2
"DAFG","LVL","KAL",2
"DAFG","LVL","LKN",2
"DAFG","LVL","LON",1
"DAFG","LVL","LOW",1
"DAFG","LVL","LVL",1
"DAFG","LVL","MAN",1
"DAFG","LVL","MDW",1
"DAFG","LVL","MEM",1
"DAFG","LVL","MIL",1
"DAFG","LVL","MSP",2
"DAFG","LVL","MTR",1
"DAFG","LVL","NSH",1
"DAFG","LVL","OMA",2
"DAFG","LVL","ORD",1
"DAFG","LVL","OSH",1
"DAFG","LVL","PEO",1
"DAFG","LVL","PIT",1
"DAFG","LVL","QAD",1
"DAFG","LVL","ROC",1
"DAFG","LVL","SAL",1
"DAFG","LVL","SBN",1
"DAFG","LVL","SGF",1
"DAFG","LVL","SIK",1
"DAFG","LVL","STL",1
"DAFG","LVL","TMH",2
"DAFG","LVL","TOL",1
"DAFG","LVL","WAL",1
"DAFG","LVL","WRP",2
"DAFG","MAN","AKR",1
"DAFG","MAN","BGR",1
"DAFG","MAN","BRL",2
"DAFG","MAN","BTN",1
"DAFG","MAN","CDR",2
"DAFG","MAN","CIN",1
"DAFG","MAN","CLE",1
"DAFG","MAN","CMH",1
"DAFG","MAN","COL",2
"DAFG","MAN","DAN",1
"DAFG","MAN","DAY",1
"DAFG","MAN","DET",1
"DAFG","MAN","DSM",2
"DAFG","MAN","EVV",1
"DAFG","MAN","FLN",1
"DAFG","MAN","FTW",1
"DAFG","MAN","GAS",1
"DAFG","MAN","GRP",1
"DAFG","MAN","IMT",2
"DAFG","MAN","IND",1
"DAFG","MAN","JAK",1
"DAFG","MAN","KAC",2
"DAFG","MAN","KAL",1
"DAFG","MAN","LKN",2
"DAFG","MAN","LON",1
"DAFG","MAN","LOW",1
"DAFG","MAN","LVL",1
"DAFG","MAN","MAN",1
"DAFG","MAN","MDW",1
"DAFG","MAN","MEM",2
"DAFG","MAN","MIL",1
"DAFG","MAN","MSP",2
"DAFG","MAN","MTR",1
"DAFG","MAN","NSH",1
"DAFG","MAN","OMA",2
"DAFG","MAN","ORD",1
"DAFG","MAN","OSH",2
"DAFG","MAN","PEO",1
"DAFG","MAN","PIT",1
"DAFG","MAN","QAD",2
"DAFG","MAN","ROC",1
"DAFG","MAN","SAL",1
"DAFG","MAN","SBN",1
"DAFG","MAN","SGF",2
"DAFG","MAN","SIK",2
"DAFG","MAN","STL",2
"DAFG","MAN","TMH",2
"DAFG","MAN","TOL",1
"DAFG","MAN","WAL",1
"DAFG","MAN","WRP",2
"DAFG","MDW","AKR",1
"DAFG","MDW","BGR",1
"DAFG","MDW","BRL",1
"DAFG","MDW","BTN",1
"DAFG","MDW","CDR",1
"DAFG","MDW","CIN",1
"DAFG","MDW","CLE",1
"DAFG","MDW","CMH",1
"DAFG","MDW","COL",1
"DAFG","MDW","DAN",1
"DAFG","MDW","DAY",1
"DAFG","MDW","DET",1
"DAFG","MDW","DSM",1
"DAFG","MDW","EVV",1
"DAFG","MDW","FLN",1
"DAFG","MDW","FTW",1
"DAFG","MDW","GAS",1
"DAFG","MDW","GRP",1
"DAFG","MDW","IMT",1
"DAFG","MDW","IND",1
"DAFG","MDW","JAK",1
"DAFG","MDW","KAC",1
"DAFG","MDW","KAL",1
"DAFG","MDW","LKN",1
"DAFG","MDW","LON",2
"DAFG","MDW","LOW",1
"DAFG","MDW","LVL",1
"DAFG","MDW","MAN",1
"DAFG","MDW","MDW",1
"DAFG","MDW","MEM",1
"DAFG","MDW","MIL",1
"DAFG","MDW","MSP",1
"DAFG","MDW","MTR",1
"DAFG","MDW","NSH",1
"DAFG","MDW","OMA",1
"DAFG","MDW","ORD",1
"DAFG","MDW","OSH",1
"DAFG","MDW","PEO",1
"DAFG","MDW","PIT",1
"DAFG","MDW","QAD",1
"DAFG","MDW","ROC",1
"DAFG","MDW","SAL",1
"DAFG","MDW","SBN",1
"DAFG","MDW","SGF",2
"DAFG","MDW","SIK",2
"DAFG","MDW","STL",1
"DAFG","MDW","TMH",1
"DAFG","MDW","TOL",1
"DAFG","MDW","WAL",1
"DAFG","MDW","WRP",1
"DAFG","MEM","AKR",2
"DAFG","MEM","BGR",1
"DAFG","MEM","BRL",2
"DAFG","MEM","BTN",2
"DAFG","MEM","CDR",2
"DAFG","MEM","CIN",1
"DAFG","MEM","CLE",2
"DAFG","MEM","CMH",2
"DAFG","MEM","COL",1
"DAFG","MEM","DAN",1
"DAFG","MEM","DAY",1
"DAFG","MEM","DET",2
"DAFG","MEM","DSM",2
"DAFG","MEM","EVV",1
"DAFG","MEM","FLN",2
"DAFG","MEM","FTW",2
"DAFG","MEM","GAS",2
"DAFG","MEM","GRP",2
"DAFG","MEM","IMT",2
"DAFG","MEM","IND",1
"DAFG","MEM","JAK",2
"DAFG","MEM","KAC",1
"DAFG","MEM","KAL",2
"DAFG","MEM","LKN",2
"DAFG","MEM","LON",2
"DAFG","MEM","LOW",2
"DAFG","MEM","LVL",1
"DAFG","MEM","MAN",2
"DAFG","MEM","MDW",1
"DAFG","MEM","MEM",1
"DAFG","MEM","MIL",2
"DAFG","MEM","MSP",2
"DAFG","MEM","MTR",2
"DAFG","MEM","NSH",1
"DAFG","MEM","OMA",2
"DAFG","MEM","ORD",1
"DAFG","MEM","OSH",2
"DAFG","MEM","PEO",1
"DAFG","MEM","PIT",2
"DAFG","MEM","QAD",2
"DAFG","MEM","ROC",2
"DAFG","MEM","SAL",1
"DAFG","MEM","SBN",2
"DAFG","MEM","SGF",1
"DAFG","MEM","SIK",1
"DAFG","MEM","STL",1
"DAFG","MEM","TMH",2
"DAFG","MEM","TOL",2
"DAFG","MEM","WAL",1
"DAFG","MEM","WRP",2
"DAFG","MIL","AKR",1
"DAFG","MIL","BGR",2
"DAFG","MIL","BRL",1
"DAFG","MIL","BTN",1
"DAFG","MIL","CDR",1
"DAFG","MIL","CIN",1
"DAFG","MIL","CLE",1
"DAFG","MIL","CMH",1
"DAFG","MIL","COL",2
"DAFG","MIL","DAN",1
"DAFG","MIL","DAY",1
"DAFG","MIL","DET",1
"DAFG","MIL","DSM",1
"DAFG","MIL","EVV",1
"DAFG","MIL","FLN",2
"DAFG","MIL","FTW",1
"DAFG","MIL","GAS",2
"DAFG","MIL","GRP",1
"DAFG","MIL","IMT",1
"DAFG","MIL","IND",1
"DAFG","MIL","JAK",1
"DAFG","MIL","KAC",1
"DAFG","MIL","KAL",1
"DAFG","MIL","LKN",1
"DAFG","MIL","LON",2
"DAFG","MIL","LOW",1
"DAFG","MIL","LVL",1
"DAFG","MIL","MAN",2
"DAFG","MIL","MDW",1
"DAFG","MIL","MEM",2
"DAFG","MIL","MIL",1
"DAFG","MIL","MSP",1
"DAFG","MIL","MTR",1
"DAFG","MIL","NSH",2
"DAFG","MIL","OMA",1
"DAFG","MIL","ORD",1
"DAFG","MIL","OSH",1
"DAFG","MIL","PEO",1
"DAFG","MIL","PIT",2
"DAFG","MIL","QAD",1
"DAFG","MIL","ROC",1
"DAFG","MIL","SAL",1
"DAFG","MIL","SBN",1
"DAFG","MIL","SGF",2
"DAFG","MIL","SIK",2
"DAFG","MIL","STL",1
"DAFG","MIL","TMH",1
"DAFG","MIL","TOL",1
"DAFG","MIL","WAL",1
"DAFG","MIL","WRP",1
"DAFG","MSP","AKR",2
"DAFG","MSP","BGR",2
"DAFG","MSP","BRL",1
"DAFG","MSP","BTN",2
"DAFG","MSP","CDR",1
"DAFG","MSP","CIN",2
"DAFG","MSP","CLE",2
"DAFG","MSP","CMH",2
"DAFG","MSP","COL",1
"DAFG","MSP","DAN",2
"DAFG","MSP","DAY",2
"DAFG","MSP","DET",2
"DAFG","MSP","DSM",1
"DAFG","MSP","EVV",2
"DAFG","MSP","FLN",2
"DAFG","MSP","FTW",2
"DAFG","MSP","GAS",2
"DAFG","MSP","GRP",2
"DAFG","MSP","IMT",1
"DAFG","MSP","IND",2
"DAFG","MSP","JAK",2
"DAFG","MSP","KAC",1
"DAFG","MSP","KAL",3
"DAFG","MSP","LKN",1
"DAFG","MSP","LON",2
"DAFG","MSP","LOW",1
"DAFG","MSP","LVL",2
"DAFG","MSP","MAN",2
"DAFG","MSP","MDW",1
"DAFG","MSP","MEM",2
"DAFG","MSP","MIL",1
"DAFG","MSP","MSP",1
"DAFG","MSP","MTR",2
"DAFG","MSP","NSH",2
"DAFG","MSP","OMA",1
"DAFG","MSP","ORD",1
"DAFG","MSP","OSH",1
"DAFG","MSP","PEO",1
"DAFG","MSP","PIT",2
"DAFG","MSP","QAD",1
"DAFG","MSP","ROC",1
"DAFG","MSP","SAL",2
"DAFG","MSP","SBN",2
"DAFG","MSP","SGF",2
"DAFG","MSP","SIK",2
"DAFG","MSP","STL",2
"DAFG","MSP","TMH",1
"DAFG","MSP","TOL",2
"DAFG","MSP","WAL",2
"DAFG","MSP","WRP",1
"DAFG","MTR","AKR",1
"DAFG","MTR","BGR",2
"DAFG","MTR","BRL",2
"DAFG","MTR","BTN",1
"DAFG","MTR","CDR",2
"DAFG","MTR","CIN",1
"DAFG","MTR","CLE",1
"DAFG","MTR","CMH",1
"DAFG","MTR","COL",2
"DAFG","MTR","DAN",2
"DAFG","MTR","DAY",1
"DAFG","MTR","DET",1
"DAFG","MTR","DSM",2
"DAFG","MTR","EVV",1
"DAFG","MTR","FLN",1
"DAFG","MTR","FTW",1
"DAFG","MTR","GAS",1
"DAFG","MTR","GRP",1
"DAFG","MTR","IMT",2
"DAFG","MTR","IND",1
"DAFG","MTR","JAK",1
"DAFG","MTR","KAC",2
"DAFG","MTR","KAL",1
"DAFG","MTR","LKN",2
"DAFG","MTR","LON",2
"DAFG","MTR","LOW",1
"DAFG","MTR","LVL",1
"DAFG","MTR","MAN",1
"DAFG","MTR","MDW",1
"DAFG","MTR","MEM",2
"DAFG","MTR","MIL",1
"DAFG","MTR","MSP",2
"DAFG","MTR","MTR",1
"DAFG","MTR","NSH",2
"DAFG","MTR","OMA",2
"DAFG","MTR","ORD",1
"DAFG","MTR","OSH",2
"DAFG","MTR","PEO",2
"DAFG","MTR","PIT",1
"DAFG","MTR","QAD",2
"DAFG","MTR","ROC",1
"DAFG","MTR","SAL",2
"DAFG","MTR","SBN",1
"DAFG","MTR","SGF",2
"DAFG","MTR","SIK",2
"DAFG","MTR","STL",2
"DAFG","MTR","TMH",2
"DAFG","MTR","TOL",1
"DAFG","MTR","WAL",1
"DAFG","MTR","WRP",2
"DAFG","NSH","AKR",2
"DAFG","NSH","BGR",1
"DAFG","NSH","BRL",2
"DAFG","NSH","BTN",2
"DAFG","NSH","CDR",2
"DAFG","NSH","CIN",1
"DAFG","NSH","CLE",2
"DAFG","NSH","CMH",1
"DAFG","NSH","COL",1
"DAFG","NSH","DAN",1
"DAFG","NSH","DAY",1
"DAFG","NSH","DET",2
"DAFG","NSH","DSM",2
"DAFG","NSH","EVV",1
"DAFG","NSH","FLN",2
"DAFG","NSH","FTW",1
"DAFG","NSH","GAS",2
"DAFG","NSH","GRP",2
"DAFG","NSH","IMT",2
"DAFG","NSH","IND",1
"DAFG","NSH","JAK",1
"DAFG","NSH","KAC",2
"DAFG","NSH","KAL",2
"DAFG","NSH","LKN",2
"DAFG","NSH","LON",1
"DAFG","NSH","LOW",1
"DAFG","NSH","LVL",1
"DAFG","NSH","MAN",1
"DAFG","NSH","MDW",1
"DAFG","NSH","MEM",1
"DAFG","NSH","MIL",2
"DAFG","NSH","MSP",2
"DAFG","NSH","MTR",2
"DAFG","NSH","NSH",1
"DAFG","NSH","OMA",2
"DAFG","NSH","ORD",1
"DAFG","NSH","OSH",2
"DAFG","NSH","PEO",1
"DAFG","NSH","PIT",2
"DAFG","NSH","QAD",2
"DAFG","NSH","ROC",1
"DAFG","NSH","SAL",1
"DAFG","NSH","SBN",1
"DAFG","NSH","SGF",1
"DAFG","NSH","SIK",1
"DAFG","NSH","STL",1
"DAFG","NSH","TMH",2
"DAFG","NSH","TOL",1
"DAFG","NSH","WAL",1
"DAFG","NSH","WRP",2
"DAFG","OMA","AKR",2
"DAFG","OMA","BGR",2
"DAFG","OMA","BRL",1
"DAFG","OMA","BTN",2
"DAFG","OMA","CDR",1
"DAFG","OMA","CIN",2
"DAFG","OMA","CLE",2
"DAFG","OMA","CMH",2
"DAFG","OMA","COL",1
"DAFG","OMA","DAN",2
"DAFG","OMA","DAY",2
"DAFG","OMA","DET",2
"DAFG","OMA","DSM",1
"DAFG","OMA","EVV",2
"DAFG","OMA","FLN",2
"DAFG","OMA","FTW",2
"DAFG","OMA","GAS",2
"DAFG","OMA","GRP",2
"DAFG","OMA","IMT",2
"DAFG","OMA","IND",2
"DAFG","OMA","JAK",2
"DAFG","OMA","KAC",1
"DAFG","OMA","KAL",2
"DAFG","OMA","LKN",1
"DAFG","OMA","LON",2
"DAFG","OMA","LOW",1
"DAFG","OMA","LVL",2
"DAFG","OMA","MAN",2
"DAFG","OMA","MDW",1
"DAFG","OMA","MEM",2
"DAFG","OMA","MIL",1
"DAFG","OMA","MSP",1
"DAFG","OMA","MTR",2
"DAFG","OMA","NSH",2
"DAFG","OMA","OMA",1
"DAFG","OMA","ORD",1
"DAFG","OMA","OSH",2
"DAFG","OMA","PEO",1
"DAFG","OMA","PIT",2
"DAFG","OMA","QAD",1
"DAFG","OMA","ROC",1
"DAFG","OMA","SAL",2
"DAFG","OMA","SBN",2
"DAFG","OMA","SGF",1
"DAFG","OMA","SIK",2
"DAFG","OMA","STL",1
"DAFG","OMA","TMH",2
"DAFG","OMA","TOL",2
"DAFG","OMA","WAL",2
"DAFG","OMA","WRP",2
"DAFG","ORD","AKR",1
"DAFG","ORD","BGR",1
"DAFG","ORD","BRL",1
"DAFG","ORD","BTN",1
"DAFG","ORD","CDR",1
"DAFG","ORD","CIN",1
"DAFG","ORD","CLE",1
"DAFG","ORD","CMH",1
"DAFG","ORD","COL",2
"DAFG","ORD","DAN",1
"DAFG","ORD","DAY",1
"DAFG","ORD","DET",1
"DAFG","ORD","DSM",1
"DAFG","ORD","EVV",1
"DAFG","ORD","FLN",1
"DAFG","ORD","FTW",1
"DAFG","ORD","GAS",1
"DAFG","ORD","GRP",1
"DAFG","ORD","IMT",1
"DAFG","ORD","IND",1
"DAFG","ORD","JAK",1
"DAFG","ORD","KAC",1
"DAFG","ORD","KAL",1
"DAFG","ORD","LKN",1
"DAFG","ORD","LON",2
"DAFG","ORD","LOW",1
"DAFG","ORD","LVL",1
"DAFG","ORD","MAN",1
"DAFG","ORD","MDW",1
"DAFG","ORD","MEM",1
"DAFG","ORD","MIL",1
"DAFG","ORD","MSP",1
"DAFG","ORD","MTR",1
"DAFG","ORD","NSH",1
"DAFG","ORD","OMA",1
"DAFG","ORD","ORD",1
"DAFG","ORD","OSH",1
"DAFG","ORD","PEO",1
"DAFG","ORD","PIT",1
"DAFG","ORD","QAD",1
"DAFG","ORD","ROC",1
"DAFG","ORD","SAL",1
"DAFG","ORD","SBN",1
"DAFG","ORD","SGF",2
"DAFG","ORD","SIK",2
"DAFG","ORD","STL",1
"DAFG","ORD","TMH",1
"DAFG","ORD","TOL",1
"DAFG","ORD","WAL",1
"DAFG","ORD","WRP",1
"DAFG","OSH","AKR",2
"DAFG","OSH","BGR",2
"DAFG","OSH","BRL",1
"DAFG","OSH","BTN",1
"DAFG","OSH","CDR",1
"DAFG","OSH","CIN",1
"DAFG","OSH","CLE",2
"DAFG","OSH","CMH",2
"DAFG","OSH","COL",2
"DAFG","OSH","DAN",1
"DAFG","OSH","DAY",1
"DAFG","OSH","DET",1
"DAFG","OSH","DSM",1
"DAFG","OSH","EVV",2
"DAFG","OSH","FLN",2
"DAFG","OSH","FTW",1
"DAFG","OSH","GAS",2
"DAFG","OSH","GRP",1
"DAFG","OSH","IMT",1
"DAFG","OSH","IND",1
"DAFG","OSH","JAK",1
"DAFG","OSH","KAC",2
"DAFG","OSH","KAL",2
"DAFG","OSH","LKN",1
"DAFG","OSH","LON",2
"DAFG","OSH","LOW",1
"DAFG","OSH","LVL",1
"DAFG","OSH","MAN",2
"DAFG","OSH","MDW",1
"DAFG","OSH","MEM",2
"DAFG","OSH","MIL",1
"DAFG","OSH","MSP",1
"DAFG","OSH","MTR",2
"DAFG","OSH","NSH",2
"DAFG","OSH","OMA",2
"DAFG","OSH","ORD",1
"DAFG","OSH","OSH",1
"DAFG","OSH","PEO",1
"DAFG","OSH","PIT",2
"DAFG","OSH","QAD",1
"DAFG","OSH","ROC",1
"DAFG","OSH","SAL",2
"DAFG","OSH","SBN",1
"DAFG","OSH","SGF",2
"DAFG","OSH","SIK",2
"DAFG","OSH","STL",1
"DAFG","OSH","TMH",1
"DAFG","OSH","TOL",1
"DAFG","OSH","WAL",2
"DAFG","OSH","WRP",1
"DAFG","PEO","AKR",2
"DAFG","PEO","BGR",1
"DAFG","PEO","BRL",1
"DAFG","PEO","BTN",1
"DAFG","PEO","CDR",1
"DAFG","PEO","CIN",1
"DAFG","PEO","CLE",2
"DAFG","PEO","CMH",1
"DAFG","PEO","COL",1
"DAFG","PEO","DAN",1
"DAFG","PEO","DAY",1
"DAFG","PEO","DET",2
"DAFG","PEO","DSM",1
"DAFG","PEO","EVV",1
"DAFG","PEO","FLN",2
"DAFG","PEO","FTW",1
"DAFG","PEO","GAS",1
"DAFG","PEO","GRP",2
"DAFG","PEO","IMT",1
"DAFG","PEO","IND",1
"DAFG","PEO","JAK",1
"DAFG","PEO","KAC",1
"DAFG","PEO","KAL",2
"DAFG","PEO","LKN",1
"DAFG","PEO","LON",2
"DAFG","PEO","LOW",1
"DAFG","PEO","LVL",1
"DAFG","PEO","MAN",2
"DAFG","PEO","MDW",1
"DAFG","PEO","MEM",1
"DAFG","PEO","MIL",1
"DAFG","PEO","MSP",1
"DAFG","PEO","MTR",2
"DAFG","PEO","NSH",1
"DAFG","PEO","OMA",1
"DAFG","PEO","ORD",1
"DAFG","PEO","OSH",1
"DAFG","PEO","PEO",1
"DAFG","PEO","PIT",2
"DAFG","PEO","QAD",1
"DAFG","PEO","ROC",1
"DAFG","PEO","SAL",1
"DAFG","PEO","SBN",1
"DAFG","PEO","SGF",1
"DAFG","PEO","SIK",1
"DAFG","PEO","STL",1
"DAFG","PEO","TMH",1
"DAFG","PEO","TOL",1
"DAFG","PEO","WAL",1
"DAFG","PEO","WRP",1
"DAFG","PIT","AKR",1
"DAFG","PIT","BGR",2
"DAFG","PIT","BRL",2
"DAFG","PIT","BTN",1
"DAFG","PIT","CDR",2
"DAFG","PIT","CIN",1
"DAFG","PIT","CLE",1
"DAFG","PIT","CMH",1
"DAFG","PIT","COL",2
"DAFG","PIT","DAN",2
"DAFG","PIT","DAY",1
"DAFG","PIT","DET",1
"DAFG","PIT","DSM",2
"DAFG","PIT","EVV",2
"DAFG","PIT","FLN",1
"DAFG","PIT","FTW",1
"DAFG","PIT","GAS",1
"DAFG","PIT","GRP",1
"DAFG","PIT","IMT",2
"DAFG","PIT","IND",1
"DAFG","PIT","JAK",1
"DAFG","PIT","KAC",2
"DAFG","PIT","KAL",2
"DAFG","PIT","LKN",2
"DAFG","PIT","LON",2
"DAFG","PIT","LOW",1
"DAFG","PIT","LVL",1
"DAFG","PIT","MAN",1
"DAFG","PIT","MDW",1
"DAFG","PIT","MEM",2
"DAFG","PIT","MIL",2
"DAFG","PIT","MSP",2
"DAFG","PIT","MTR",1
"DAFG","PIT","NSH",2
"DAFG","PIT","OMA",2
"DAFG","PIT","ORD",1
"DAFG","PIT","OSH",2
"DAFG","PIT","PEO",2
"DAFG","PIT","PIT",1
"DAFG","PIT","QAD",2
"DAFG","PIT","ROC",2
"DAFG","PIT","SAL",2
"DAFG","PIT","SBN",1
"DAFG","PIT","SGF",2
"DAFG","PIT","SIK",2
"DAFG","PIT","STL",2
"DAFG","PIT","TMH",2
"DAFG","PIT","TOL",1
"DAFG","PIT","WAL",1
"DAFG","PIT","WRP",2
"DAFG","QAD","AKR",2
"DAFG","QAD","BGR",2
"DAFG","QAD","BRL",1
"DAFG","QAD","BTN",2
"DAFG","QAD","CDR",1
"DAFG","QAD","CIN",1
"DAFG","QAD","CLE",2
"DAFG","QAD","CMH",2
"DAFG","QAD","COL",1
"DAFG","QAD","DAN",1
"DAFG","QAD","DAY",1
"DAFG","QAD","DET",2
"DAFG","QAD","DSM",1
"DAFG","QAD","EVV",1
"DAFG","QAD","FLN",2
"DAFG","QAD","FTW",1
"DAFG","QAD","GAS",2
"DAFG","QAD","GRP",2
"DAFG","QAD","IMT",1
"DAFG","QAD","IND",1
"DAFG","QAD","JAK",2
"DAFG","QAD","KAC",1
"DAFG","QAD","KAL",2
"DAFG","QAD","LKN",1
"DAFG","QAD","LON",2
"DAFG","QAD","LOW",1
"DAFG","QAD","LVL",1
"DAFG","QAD","MAN",2
"DAFG","QAD","MDW",1
"DAFG","QAD","MEM",2
"DAFG","QAD","MIL",1
"DAFG","QAD","MSP",1
"DAFG","QAD","MTR",2
"DAFG","QAD","NSH",2
"DAFG","QAD","OMA",1
"DAFG","QAD","ORD",1
"DAFG","QAD","OSH",1
"DAFG","QAD","PEO",1
"DAFG","QAD","PIT",2
"DAFG","QAD","QAD",1
"DAFG","QAD","ROC",1
"DAFG","QAD","SAL",1
"DAFG","QAD","SBN",1
"DAFG","QAD","SGF",1
"DAFG","QAD","SIK",1
"DAFG","QAD","STL",1
"DAFG","QAD","TMH",1
"DAFG","QAD","TOL",2
"DAFG","QAD","WAL",1
"DAFG","QAD","WRP",1
"DAFG","ROC","AKR",1
"DAFG","ROC","BGR",1
"DAFG","ROC","BRL",1
"DAFG","ROC","BTN",1
"DAFG","ROC","CDR",1
"DAFG","ROC","CIN",1
"DAFG","ROC","CLE",1
"DAFG","ROC","CMH",1
"DAFG","ROC","COL",1
"DAFG","ROC","DAN",1
"DAFG","ROC","DAY",1
"DAFG","ROC","DET",1
"DAFG","ROC","DSM",1
"DAFG","ROC","EVV",1
"DAFG","ROC","FLN",1
"DAFG","ROC","FTW",1
"DAFG","ROC","GAS",2
"DAFG","ROC","GRP",1
"DAFG","ROC","IMT",1
"DAFG","ROC","IND",1
"DAFG","ROC","JAK",1
"DAFG","ROC","KAC",1
"DAFG","ROC","KAL",1
"DAFG","ROC","LKN",1
"DAFG","ROC","LON",2
"DAFG","ROC","LOW",1
"DAFG","ROC","LVL",1
"DAFG","ROC","MAN",1
"DAFG","ROC","MDW",1
"DAFG","ROC","MEM",2
"DAFG","ROC","MIL",1
"DAFG","ROC","MSP",1
"DAFG","ROC","MTR",1
"DAFG","ROC","NSH",1
"DAFG","ROC","OMA",1
"DAFG","ROC","ORD",1
"DAFG","ROC","OSH",1
"DAFG","ROC","PEO",1
"DAFG","ROC","PIT",2
"DAFG","ROC","QAD",1
"DAFG","ROC","ROC",1
"DAFG","ROC","SAL",1
"DAFG","ROC","SBN",1
"DAFG","ROC","SGF",1
"DAFG","ROC","SIK",1
"DAFG","ROC","STL",1
"DAFG","ROC","TMH",1
"DAFG","ROC","TOL",1
"DAFG","ROC","WAL",1
"DAFG","ROC","WRP",1
"DAFG","SAL","AKR",2
"DAFG","SAL","BGR",1
"DAFG","SAL","BRL",1
"DAFG","SAL","BTN",1
"DAFG","SAL","CDR",1
"DAFG","SAL","CIN",1
"DAFG","SAL","CLE",2
"DAFG","SAL","CMH",1
"DAFG","SAL","COL",1
"DAFG","SAL","DAN",1
"DAFG","SAL","DAY",1
"DAFG","SAL","DET",1
"DAFG","SAL","DSM",1
"DAFG","SAL","EVV",1
"DAFG","SAL","FLN",2
"DAFG","SAL","FTW",1
"DAFG","SAL","GAS",1
"DAFG","SAL","GRP",1
"DAFG","SAL","IMT",2
"DAFG","SAL","IND",1
"DAFG","SAL","JAK",2
"DAFG","SAL","KAC",1
"DAFG","SAL","KAL",2
"DAFG","SAL","LKN",2
"DAFG","SAL","LON",2
"DAFG","SAL","LOW",1
"DAFG","SAL","LVL",1
"DAFG","SAL","MAN",2
"DAFG","SAL","MDW",1
"DAFG","SAL","MEM",1
"DAFG","SAL","MIL",1
"DAFG","SAL","MSP",2
"DAFG","SAL","MTR",2
"DAFG","SAL","NSH",1
"DAFG","SAL","OMA",2
"DAFG","SAL","ORD",1
"DAFG","SAL","OSH",2
"DAFG","SAL","PEO",1
"DAFG","SAL","PIT",2
"DAFG","SAL","QAD",1
"DAFG","SAL","ROC",1
"DAFG","SAL","SAL",1
"DAFG","SAL","SBN",1
"DAFG","SAL","SGF",1
"DAFG","SAL","SIK",1
"DAFG","SAL","STL",1
"DAFG","SAL","TMH",2
"DAFG","SAL","TOL",1
"DAFG","SAL","WAL",1
"DAFG","SAL","WRP",2
"DAFG","SBN","AKR",1
"DAFG","SBN","BGR",1
"DAFG","SBN","BRL",1
"DAFG","SBN","BTN",1
"DAFG","SBN","CDR",1
"DAFG","SBN","CIN",1
"DAFG","SBN","CLE",1
"DAFG","SBN","CMH",1
"DAFG","SBN","COL",2
"DAFG","SBN","DAN",1
"DAFG","SBN","DAY",1
"DAFG","SBN","DET",1
"DAFG","SBN","DSM",2
"DAFG","SBN","EVV",1
"DAFG","SBN","FLN",1
"DAFG","SBN","FTW",1
"DAFG","SBN","GAS",1
"DAFG","SBN","GRP",1
"DAFG","SBN","IMT",1
"DAFG","SBN","IND",1
"DAFG","SBN","JAK",1
"DAFG","SBN","KAC",2
"DAFG","SBN","KAL",1
"DAFG","SBN","LKN",2
"DAFG","SBN","LON",2
"DAFG","SBN","LOW",1
"DAFG","SBN","LVL",1
"DAFG","SBN","MAN",1
"DAFG","SBN","MDW",1
"DAFG","SBN","MEM",2
"DAFG","SBN","MIL",1
"DAFG","SBN","MSP",2
"DAFG","SBN","MTR",1
"DAFG","SBN","NSH",1
"DAFG","SBN","OMA",2
"DAFG","SBN","ORD",1
"DAFG","SBN","OSH",1
"DAFG","SBN","PEO",1
"DAFG","SBN","PIT",1
"DAFG","SBN","QAD",1
"DAFG","SBN","ROC",1
"DAFG","SBN","SAL",1
"DAFG","SBN","SBN",1
"DAFG","SBN","SGF",2
"DAFG","SBN","SIK",2
"DAFG","SBN","STL",1
"DAFG","SBN","TMH",1
"DAFG","SBN","TOL",1
"DAFG","SBN","WAL",1
"DAFG","SBN","WRP",1
"DAFG","SGF","AKR",2
"DAFG","SGF","BGR",1
"DAFG","SGF","BRL",1
"DAFG","SGF","BTN",2
"DAFG","SGF","CDR",1
"DAFG","SGF","CIN",2
"DAFG","SGF","CLE",2
"DAFG","SGF","CMH",2
"DAFG","SGF","COL",1
"DAFG","SGF","DAN",1
"DAFG","SGF","DAY",2
"DAFG","SGF","DET",2
"DAFG","SGF","DSM",1
"DAFG","SGF","EVV",1
"DAFG","SGF","FLN",2
"DAFG","SGF","FTW",2
"DAFG","SGF","GAS",2
"DAFG","SGF","GRP",2
"DAFG","SGF","IMT",2
"DAFG","SGF","IND",1
"DAFG","SGF","JAK",2
"DAFG","SGF","KAC",1
"DAFG","SGF","KAL",2
"DAFG","SGF","LKN",2
"DAFG","SGF","LON",2
"DAFG","SGF","LOW",2
"DAFG","SGF","LVL",2
"DAFG","SGF","MAN",2
"DAFG","SGF","MDW",1
"DAFG","SGF","MEM",1
"DAFG","SGF","MIL",2
"DAFG","SGF","MSP",2
"DAFG","SGF","MTR",2
"DAFG","SGF","NSH",1
"DAFG","SGF","OMA",1
"DAFG","SGF","ORD",1
"DAFG","SGF","OSH",2
"DAFG","SGF","PEO",1
"DAFG","SGF","PIT",2
"DAFG","SGF","QAD",1
"DAFG","SGF","ROC",1
"DAFG","SGF","SAL",1
"DAFG","SGF","SBN",2
"DAFG","SGF","SGF",1
"DAFG","SGF","SIK",1
"DAFG","SGF","STL",1
"DAFG","SGF","TMH",2
"DAFG","SGF","TOL",2
"DAFG","SGF","WAL",2
"DAFG","SGF","WRP",2
"DAFG","SIK","AKR",2
"DAFG","SIK","BGR",1
"DAFG","SIK","BRL",1
"DAFG","SIK","BTN",2
"DAFG","SIK","CDR",1
"DAFG","SIK","CIN",2
"DAFG","SIK","CLE",2
"DAFG","SIK","CMH",2
"DAFG","SIK","COL",1
"DAFG","SIK","DAN",1
"DAFG","SIK","DAY",2
"DAFG","SIK","DET",2
"DAFG","SIK","DSM",1
"DAFG","SIK","EVV",1
"DAFG","SIK","FLN",2
"DAFG","SIK","FTW",2
"DAFG","SIK","GAS",2
"DAFG","SIK","GRP",2
"DAFG","SIK","IMT",2
"DAFG","SIK","IND",1
"DAFG","SIK","JAK",2
"DAFG","SIK","KAC",1
"DAFG","SIK","KAL",2
"DAFG","SIK","LKN",2
"DAFG","SIK","LON",2
"DAFG","SIK","LOW",1
"DAFG","SIK","LVL",2
"DAFG","SIK","MAN",2
"DAFG","SIK","MDW",1
"DAFG","SIK","MEM",1
"DAFG","SIK","MIL",2
"DAFG","SIK","MSP",2
"DAFG","SIK","MTR",2
"DAFG","SIK","NSH",1
"DAFG","SIK","OMA",2
"DAFG","SIK","ORD",1
"DAFG","SIK","OSH",2
"DAFG","SIK","PEO",1
"DAFG","SIK","PIT",2
"DAFG","SIK","QAD",1
"DAFG","SIK","ROC",1
"DAFG","SIK","SAL",1
"DAFG","SIK","SBN",2
"DAFG","SIK","SGF",1
"DAFG","SIK","SIK",1
"DAFG","SIK","STL",1
"DAFG","SIK","TMH",2
"DAFG","SIK","TOL",2
"DAFG","SIK","WAL",2
"DAFG","SIK","WRP",2
"DAFG","STL","AKR",2
"DAFG","STL","BGR",1
"DAFG","STL","BRL",1
"DAFG","STL","BTN",2
"DAFG","STL","CDR",1
"DAFG","STL","CIN",1
"DAFG","STL","CLE",1
"DAFG","STL","CMH",2
"DAFG","STL","COL",1
"DAFG","STL","DAN",1
"DAFG","STL","DAY",1
"DAFG","STL","DET",2
"DAFG","STL","DSM",1
"DAFG","STL","EVV",1
"DAFG","STL","FLN",2
"DAFG","STL","FTW",1
"DAFG","STL","GAS",2
"DAFG","STL","GRP",2
"DAFG","STL","IMT",1
"DAFG","STL","IND",1
"DAFG","STL","JAK",2
"DAFG","STL","KAC",1
"DAFG","STL","KAL",2
"DAFG","STL","LKN",2
"DAFG","STL","LON",2
"DAFG","STL","LOW",1
"DAFG","STL","LVL",1
"DAFG","STL","MAN",2
"DAFG","STL","MDW",1
"DAFG","STL","MEM",1
"DAFG","STL","MIL",1
"DAFG","STL","MSP",2
"DAFG","STL","MTR",2
"DAFG","STL","NSH",1
"DAFG","STL","OMA",1
"DAFG","STL","ORD",1
"DAFG","STL","OSH",1
"DAFG","STL","PEO",1
"DAFG","STL","PIT",2
"DAFG","STL","QAD",1
"DAFG","STL","ROC",1
"DAFG","STL","SAL",1
"DAFG","STL","SBN",1
"DAFG","STL","SGF",1
"DAFG","STL","SIK",1
"DAFG","STL","STL",1
"DAFG","STL","TMH",2
"DAFG","STL","TOL",1
"DAFG","STL","WAL",1
"DAFG","STL","WRP",2
"DAFG","TMH","AKR",2
"DAFG","TMH","BGR",2
"DAFG","TMH","BRL",1
"DAFG","TMH","BTN",2
"DAFG","TMH","CDR",1
"DAFG","TMH","CIN",2
"DAFG","TMH","CLE",2
"DAFG","TMH","CMH",2
"DAFG","TMH","COL",2
"DAFG","TMH","DAN",1
"DAFG","TMH","DAY",2
"DAFG","TMH","DET",2
"DAFG","TMH","DSM",1
"DAFG","TMH","EVV",2
"DAFG","TMH","FLN",2
"DAFG","TMH","FTW",1
"DAFG","TMH","GAS",2
"DAFG","TMH","GRP",1
"DAFG","TMH","IMT",1
"DAFG","TMH","IND",1
"DAFG","TMH","JAK",2
"DAFG","TMH","KAC",2
"DAFG","TMH","KAL",2
"DAFG","TMH","LKN",1
"DAFG","TMH","LON",2
"DAFG","TMH","LOW",1
"DAFG","TMH","LVL",2
"DAFG","TMH","MAN",2
"DAFG","TMH","MDW",1
"DAFG","TMH","MEM",2
"DAFG","TMH","MIL",1
"DAFG","TMH","MSP",1
"DAFG","TMH","MTR",2
"DAFG","TMH","NSH",2
"DAFG","TMH","OMA",2
"DAFG","TMH","ORD",1
"DAFG","TMH","OSH",1
"DAFG","TMH","PEO",1
"DAFG","TMH","PIT",2
"DAFG","TMH","QAD",1
"DAFG","TMH","ROC",1
"DAFG","TMH","SAL",2
"DAFG","TMH","SBN",1
"DAFG","TMH","SGF",2
"DAFG","TMH","SIK",2
"DAFG","TMH","STL",2
"DAFG","TMH","TMH",1
"DAFG","TMH","TOL",2
"DAFG","TMH","WAL",2
"DAFG","TMH","WRP",1
"DAFG","TOL","AKR",1
"DAFG","TOL","BGR",1
"DAFG","TOL","BRL",2
"DAFG","TOL","BTN",1
"DAFG","TOL","CDR",2
"DAFG","TOL","CIN",1
"DAFG","TOL","CLE",1
"DAFG","TOL","CMH",1
"DAFG","TOL","COL",2
"DAFG","TOL","DAN",1
"DAFG","TOL","DAY",1
"DAFG","TOL","DET",1
"DAFG","TOL","DSM",2
"DAFG","TOL","EVV",1
"DAFG","TOL","FLN",1
"DAFG","TOL","FTW",1
"DAFG","TOL","GAS",1
"DAFG","TOL","GRP",1
"DAFG","TOL","IMT",1
"DAFG","TOL","IND",1
"DAFG","TOL","JAK",1
"DAFG","TOL","KAC",2
"DAFG","TOL","KAL",1
"DAFG","TOL","LKN",2
"DAFG","TOL","LON",2
"DAFG","TOL","LOW",1
"DAFG","TOL","LVL",1
"DAFG","TOL","MAN",1
"DAFG","TOL","MDW",1
"DAFG","TOL","MEM",2
"DAFG","TOL","MIL",1
"DAFG","TOL","MSP",2
"DAFG","TOL","MTR",1
"DAFG","TOL","NSH",1
"DAFG","TOL","OMA",2
"DAFG","TOL","ORD",1
"DAFG","TOL","OSH",1
"DAFG","TOL","PEO",1
"DAFG","TOL","PIT",1
"DAFG","TOL","QAD",2
"DAFG","TOL","ROC",1
"DAFG","TOL","SAL",1
"DAFG","TOL","SBN",1
"DAFG","TOL","SGF",2
"DAFG","TOL","SIK",2
"DAFG","TOL","STL",1
"DAFG","TOL","TMH",2
"DAFG","TOL","TOL",1
"DAFG","TOL","WAL",1
"DAFG","TOL","WRP",1
"DAFG","WAL","AKR",1
"DAFG","WAL","BGR",1
"DAFG","WAL","BRL",2
"DAFG","WAL","BTN",1
"DAFG","WAL","CDR",2
"DAFG","WAL","CIN",1
"DAFG","WAL","CLE",1
"DAFG","WAL","CMH",1
"DAFG","WAL","COL",1
"DAFG","WAL","DAN",1
"DAFG","WAL","DAY",1
"DAFG","WAL","DET",1
"DAFG","WAL","DSM",2
"DAFG","WAL","EVV",1
"DAFG","WAL","FLN",1
"DAFG","WAL","FTW",1
"DAFG","WAL","GAS",1
"DAFG","WAL","GRP",1
"DAFG","WAL","IMT",2
"DAFG","WAL","IND",1
"DAFG","WAL","JAK",1
"DAFG","WAL","KAC",2
"DAFG","WAL","KAL",2
"DAFG","WAL","LKN",2
"DAFG","WAL","LON",1
"DAFG","WAL","LOW",1
"DAFG","WAL","LVL",1
"DAFG","WAL","MAN",1
"DAFG","WAL","MDW",1
"DAFG","WAL","MEM",1
"DAFG","WAL","MIL",1
"DAFG","WAL","MSP",2
"DAFG","WAL","MTR",1
"DAFG","WAL","NSH",1
"DAFG","WAL","OMA",2
"DAFG","WAL","ORD",1
"DAFG","WAL","OSH",2
"DAFG","WAL","PEO",1
"DAFG","WAL","PIT",1
"DAFG","WAL","QAD",1
"DAFG","WAL","ROC",1
"DAFG","WAL","SAL",1
"DAFG","WAL","SBN",1
"DAFG","WAL","SGF",2
"DAFG","WAL","SIK",1
"DAFG","WAL","STL",1
"DAFG","WAL","TMH",2
"DAFG","WAL","TOL",1
"DAFG","WAL","WAL",1
"DAFG","WAL","WRP",2
"DAFG","WRP","AKR",2
"DAFG","WRP","BGR",2
"DAFG","WRP","BRL",1
"DAFG","WRP","BTN",2
"DAFG","WRP","CDR",1
"DAFG","WRP","CIN",2
"DAFG","WRP","CLE",2
"DAFG","WRP","CMH",2
"DAFG","WRP","COL",2
"DAFG","WRP","DAN",1
"DAFG","WRP","DAY",2
"DAFG","WRP","DET",2
"DAFG","WRP","DSM",1
"DAFG","WRP","EVV",2
"DAFG","WRP","FLN",2
"DAFG","WRP","FTW",1
"DAFG","WRP","GAS",2
"DAFG","WRP","GRP",1
"DAFG","WRP","IMT",1
"DAFG","WRP","IND",1
"DAFG","WRP","JAK",2
"DAFG","WRP","KAC",2
"DAFG","WRP","KAL",2
"DAFG","WRP","LKN",1
"DAFG","WRP","LON",2
"DAFG","WRP","LOW",1
"DAFG","WRP","LVL",2
"DAFG","WRP","MAN",2
"DAFG","WRP","MDW",1
"DAFG","WRP","MEM",2
"DAFG","WRP","MIL",1
"DAFG","WRP","MSP",1
"DAFG","WRP","MTR",2
"DAFG","WRP","NSH",2
"DAFG","WRP","OMA",2
"DAFG","WRP","ORD",1
"DAFG","WRP","OSH",1
"DAFG","WRP","PEO",1
"DAFG","WRP","PIT",2
"DAFG","WRP","QAD",1
"DAFG","WRP","ROC",1
"DAFG","WRP","SAL",2
"DAFG","WRP","SBN",1
"DAFG","WRP","SGF",2
"DAFG","WRP","SIK",2
"DAFG","WRP","STL",2
"DAFG","WRP","TMH",1
"DAFG","WRP","TOL",2
"DAFG","WRP","WAL",2
"DAFG","WRP","WRP",1
