SCAC,Terminal Name,Terminal Code,Address Line 1,Address Line 2,City,State,Zip,Local Phone,Toll-Free,Fax,Email,Terminal Mgr Name,Title
"DAFG","Akron","AKR","280 Progress Blvd.","","KENT","OH","44240","330-346-0750","800-860-6540","330-346-0760","customerservice@daytonfreight.com","PATRICK WEALE","Terminal Manager"
"DAFG","Bowling Green","BGR","423 Commerce Street","","BOWLING GREEN","KY","42101","270-780-5598","877-860-6646","270-780-9915","customerservice@daytonfreight.com","JAMES DAVIS","Terminal Manager"
"DAFG","Burlington","BRL","1215 Broadway St.","","BURLINGTON","IA","52655","319-237-7025","855-326-4916","319-752-8582","customerservice@daytonfreight.com","JEFF MALLONEE","Terminal Manager"
"DAFG","Brownstown Service Center","BTN","18577 Dix Toledo Hwy","","BROWNSTOWN","MI","48193","810-475-2275","844-231-7045","734-285-0126","customerservice@daytonfreight.com","MATT BEGUE","Terminal Manager"
"DAFG","Cedar Rapids","CDR","5655 Willow Creek Drive SW","","CEDAR RAPIDS","IA","52404","319-363-3558","888-841-5115","319-363-4558","customerservice@daytonfreight.com","JOSH KOOTMAN","Terminal Manager"
"DAFG","Cincinnati","CIN","2831 E. Crescentville Rd.","","WEST CHESTER","OH","45069","513-771-4446","800-860-3210","513-771-4601","customerservice@daytonfreight.com","JACK BARRY","Terminal Manager"
"DAFG","Cleveland","CLE","7400 Wall St.","","CLEVELAND","OH","44125","216-328-7733","800-860-3800","216-328-7744","customerservice@daytonfreight.com","BARRY MCCOY","Terminal Manager"
"DAFG","Columbus","CMH","1406 Blatt Blvd.","","GAHANNA","OH","43230","614-860-1080","800-860-4800","614-860-1851","customerservice@daytonfreight.com","MIKE THOMPSON","Terminal Manager"
"DAFG","Columbia","COL","555 N Trade Winds Pkwy","","COLUMBIA","MO","65201","573-442-3313","855-816-9724","573-474-1103","customerservice@daytonfreight.com","TOM NULLMEYER","Terminal Manager"
"DAFG","Danville","DAN","945 Bob King Drive","","ARCOLA","IL","61910","217-383-0880","888-860-1840","217-268-3383","customerservice@daytonfreight.com","ART HOLLRAH","Terminal Manager"
"DAFG","Dayton","DAY","6265 Executive Blvd.","","DAYTON","OH","45424","937-236-4880","800-860-6400","937-236-7768","customerservice@daytonfreight.com","KEVIN KUEFFNER","Terminal Manager"
"DAFG","Detroit","DET","32717 Hollingsworth Ave.","","WARREN","MI","48092","586-979-9125","888-860-1909","586-979-9126","customerservice@daytonfreight.com","NICK LOWELL","Terminal Manager"
"DAFG","Des Moines","DSM","1120 Adventureland Drive NE.","","ALTOONA","IA","50009","515-262-5184","866-671-1012","515-967-1500","customerservice@daytonfreight.com","TOBIN CADY","Terminal Manager"
"DAFG","Evansville","EVV","11601 N. Green River Rd.","","EVANSVILLE","IN","47725","812-868-8370","800-860-5900","812-868-8371","customerservice@daytonfreight.com","JOSH DEKONINCK","Terminal Manager"
"DAFG","Flint","FLN","3600 James P. Cole Blvd.","","FLINT","MI","48505","810-341-7575","800-860-4808","810-341-7599","customerservice@daytonfreight.com","CLINT HOLLAND","Terminal Manager"
"DAFG","Ft. Wayne","FTW","100 Novae Pkwy.","","MARKLE","IN","46770","260-758-8100","800-860-2210","260-758-8101","customerservice@daytonfreight.com","ZANE HUSTON","Terminal Manager"
"DAFG","Gallipolis","GAS","210 Upper River Road.","","GALLIPOLIS","OH","45631","740-578-4056","855-210-3488","740-446-7683","customerservice@daytonfreight.com","TOMMY BOWEN","Terminal Manager"
"DAFG","Grand Rapids","GRP","8230 Clyde Park Ave. SW","","BYRON CENTER","MI","49315","616-878-0675","800-860-2788","616-878-0740","customerservice@daytonfreight.com","DAN KARCHER","Terminal Manager"
"DAFG","Iron Mountain","IMT","1625 Bergstrom Rd.","","IRON MOUNTAIN","MI","49801","920-720-9517","800-860-0017","920-720-9519","customerservice@daytonfreight.com","JAMES MAGUIRE","Terminal Manager"
"DAFG","Indianapolis","IND","800 Commerce Parkway South Dr","","GREENWOOD","IN","46143","317-865-2600","800-860-5210","317-865-2602","customerservice@daytonfreight.com","CHUCK NELSON","Terminal Manager"
"DAFG","Indianapolis Gateway","IND1","800 Commerce Parkway South Dr","","GREENWOOD","IN","46143","317-865-2600","800-860-5210","317-865-2602","customerservice@daytonfreight.com","CHUCK NELSON","Terminal Manager"
"DAFG","Jackson","JAK","1440 Falahee Rd.","","JACKSON","MI","49203","517-748-9101","888-860-8917","517-748-9105","customerservice@daytonfreight.com","KEVIN THATCHER","Terminal Manager"
"DAFG","Kansas City","KAC","14401 W.97th Ter.","","LENEXA","KS","66215","913-894-0101","866-860-6116","913-894-0140","customerservice@daytonfreight.com","RYAN BALDI","Terminal Manager"
"DAFG","Kalkaska","KAL","4114 W N Down River Road","","GRAYLING","MI","49738","231-258-9418","866-860-3571","989-344-1925","customerservice@daytonfreight.com","KYLE FARMER","Terminal Manager"
"DAFG","Lakeville","LKN","21930 Hamburg Ave.","","LAKEVILLE","MN","55044","612-844-0555","855-537-2423","952-469-4705","customerservice@daytonfreight.com","BILL FISCHER","Terminal Manager"
"DAFG","London","LON","1405 American Greeting Card RD","","CORBIN","KY","40701","859-485-8505","866-977-2851","859-485-8522","customerservice@daytonfreight.com","NATHAN REED","Terminal Manager"
"DAFG","Lowell","LOW","1300 E. 181st Avenue","","LOWELL","IN","46356","219-552-7008","855-227-6071","219-690-1003","customerservice@daytonfreight.com","CONNOR LUND","Terminal Manager"
"DAFG","Louisville","LVL","4001 Ralph Ave.","","LOUISVILLE","KY","40211","502-449-4402","800-860-3240","502-449-7713","customerservice@daytonfreight.com","GREG BURTON","Terminal Manager"
"DAFG","Mansfield","MAN","103 Cairns Road","","MANSFIELD","OH","44903","419-589-0350","800-860-3320","419-589-0349","customerservice@daytonfreight.com","CHRIS MASSIE","Terminal Manager"
"DAFG","Chicago - Midway","MDW","16911 Enterprise Blvd.","","CREST HILL","IL","60403","708-656-3025","800-860-5200","815-725-5311","customerservice@daytonfreight.com","SEAN BORCHERS","Terminal Manager"
"DAFG","Memphis","MEM","5564 Universal Dr.","","MEMPHIS","TN","38118","901-896-3440","844-789-1992","901-367-0880","customerservice@daytonfreight.com","JODY STREET","Terminal Manager"
"DAFG","Memphis Gateway","MEM1","5564 Universal Dr.","","MEMPHIS","TN","38118","901-896-3440","844-789-1992","901-367-0880","customerservice@daytonfreight.com","JODY STREET","Terminal Manager"
"DAFG","Milwaukee","MIL","6801 S. 13th St.","","MILWAUKEE","WI","53221","414-570-0043","800-860-3485","414-570-1280","customerservice@daytonfreight.com","DREW HART","Terminal Manager"
"DAFG","Minneapolis","MSP","2560 Long Lake Road","","ROSEVILLE","MN","55113","763-493-5841","800-860-1974","763-493-5870","customerservice@daytonfreight.com","AARON FURMAN","Terminal Manager"
"DAFG","Mentor","MTR","8150 Tyler Boulevard","","MENTOR","OH","44060","440-578-2778","855-617-6589","440-974-5980","customerservice@daytonfreight.com","MIKE WOYTEK","Terminal Manager"
"DAFG","Nashville","NSH","109 Tredco Dr.","","NASHVILLE","TN","37210","615-922-5335","844-659-7689","615-736-7454","customerservice@daytonfreight.com","JOSH MILNER","Terminal Manager"
"DAFG","Omaha Service Center","OMA","7878 I Street","","OMAHA","NE","68127","402-769-4120","844-231-7056","402-592-3097","customerservice@daytonfreight.com","TOBIN CADY","Terminal Manager"
"DAFG","Chicago - Des Plaines","ORD","1000 E. Northwest Hwy.","","DES PLAINES","IL","60016","847-759-9003","866-860-3572","847-759-9335","customerservice@daytonfreight.com","BRAD FERGUSON","Terminal Manager"
"DAFG","Oshkosh","OSH","1625 Bergstrom Rd.","","NEENAH","WI","54956","920-720-9517","800-860-0017","920-720-9519","customerservice@daytonfreight.com","JAMES MAGUIRE","Terminal Manager"
"DAFG","Peoria","PEO","241 Altorfer Ln.","","EAST PEORIA","IL","61611","309-698-5540","888-860-2302","309-698-5560","customerservice@daytonfreight.com","JACK KALITA","Terminal Manager"
"DAFG","Pittsburgh","PIT","2 Sexton Road","","MC KEES ROCKS","PA","15136","724-929-0171","877-860-6643","412-777-9790","customerservice@daytonfreight.com","JOHN WEBER","Terminal Manager"
"DAFG","Quad Cities","QAD","3551 5th Avenue","","EAST MOLINE","IL","61244","309-788-0291","866-671-1009","309-752-7765","customerservice@daytonfreight.com","JEFF MALLONEE","Terminal Manager"
"DAFG","Rockford","ROC","3465 American Road","","ROCKFORD","IL","61109","815-873-8355","888-860-2303","815-873-8511","customerservice@daytonfreight.com","DWAYNE BOONE","Terminal Manager"
"DAFG","Salem","SAL","2001 W. Mitchell St.","","SALEM","IL","62881","618-548-0073","866-860-8717","618-548-2005","customerservice@daytonfreight.com","NELSON ARROWSMITH","Terminal Manager"
"DAFG","South Bend","SBN","2311 Clay St.","","ELKHART","IN","46517","574-523-1636","800-860-9870","574-523-1503","customerservice@daytonfreight.com","BILL RYAN","Terminal Manager"
"DAFG","Springfield","SGF","524 SOUTH HIGHWAY 125","","STRAFFORD","MO","65757","417-866-4343","888-866-3056","417-863-2426","customerservice@daytonfreight.com","MIKE JONES","Terminal Manager"
"DAFG","Sikeston","SIK","120 Harlene Street","","SIKESTON","MO","63801","573-472-0145","877-472-0145","573-472-0241","customerservice@daytonfreight.com","CARLA BOWERS","Terminal Manager"
"DAFG","St. Louis","STL","1000 Executive Centre Pkwy","","ST PETERS","MO","63376","314-385-3751","800-860-5430","636-724-0099","customerservice@daytonfreight.com","MIKE GANSEN","Terminal Manager"
"DAFG","Tomah","TMH","399 Holland Street","","TOMAH","WI","54660","608-372-3342","866-908-3342","608-372-3352","customerservice@daytonfreight.com","MOLLY CLARK","Terminal Manager"
"DAFG","Toledo","TOL","28240 Oregon Rd.","","PERRYSBURG","OH","43551","419-661-8600","800-860-1700","419-661-5023","customerservice@daytonfreight.com","JIM JOHNSTON","Terminal Manager"
"DAFG","Walton","WAL","12140 Chandler Dr.","","WALTON","KY","41094","859-485-8505","800-860-9300","859-485-8522","customerservice@daytonfreight.com","NATHAN REED","Terminal Manager"
"DAFG","Wisconsin Rapids","WRP","1085 Cedar Rd","","MOSINEE","WI","54455","715-952-4555","800-860-0030","715-693-6321","customerservice@daytonfreight.com","JAMES MAGUIRE","Terminal Manager"
